schedule,start_evaporation,end_evaporation,curve,seed_index,python_seed,city_seed,best_distance,blind_rounds,final_pheromone_min,final_pheromone_max,final_pheromone_mean
linear,0.90000000,0.20000000,1.00000000,0,48,48,6954.85093229,3,0.00718923,0.76778904,0.03246957
linear,0.90000000,0.20000000,1.00000000,1,49,49,7611.05045656,6,0.00656940,0.65508845,0.02803477
linear,0.90000000,0.20000000,1.00000000,2,50,50,8080.87174691,3,0.00618745,0.68208411,0.02926595
linear,0.90000000,0.20000000,1.00000000,3,51,51,7556.46569954,6,0.00661685,0.67562626,0.02854317
linear,0.90000000,0.20000000,1.00000000,4,52,52,6829.74792001,9,0.00732091,0.72234471,0.03069187
linear,0.90000000,0.20000000,1.00000000,5,53,53,7444.03551223,3,0.00671679,0.66923771,0.02896624
linear,0.90000000,0.20000000,1.00000000,6,54,54,7507.41944046,9,0.00666008,0.65929622,0.02827997
linear,0.90000000,0.20000000,1.00000000,7,55,55,7961.00980794,0,0.00628061,0.62926311,0.02736667
linear,0.90000000,0.20000000,1.00000000,8,56,56,8262.25592702,0,0.00605162,0.60803312,0.02644193
linear,0.90000000,0.20000000,1.00000000,9,57,57,7685.45940891,3,0.00650579,0.65491592,0.02792772
exponential,0.90000000,0.20000000,-4.00000000,0,48,48,6967.09340962,6,0.00717659,0.83327086,0.03448284
exponential,0.90000000,0.20000000,-4.00000000,1,49,49,7611.05045656,6,0.00656940,0.76448210,0.03149772
exponential,0.90000000,0.20000000,-4.00000000,2,50,50,7914.97353090,6,0.00631714,0.71752142,0.02977800
exponential,0.90000000,0.20000000,-4.00000000,3,51,51,7556.46569954,6,0.00661685,0.77895781,0.03245611
exponential,0.90000000,0.20000000,-4.00000000,4,52,52,6855.78566400,3,0.00729311,0.83694532,0.03471887
exponential,0.90000000,0.20000000,-4.00000000,5,53,53,7436.14890783,9,0.00672391,0.77873779,0.03232897
exponential,0.90000000,0.20000000,-4.00000000,6,54,54,7507.41944046,9,0.00666008,0.76383608,0.03152572
exponential,0.90000000,0.20000000,-4.00000000,7,55,55,7882.97463315,6,0.00634278,0.73953701,0.03048274
exponential,0.90000000,0.20000000,-4.00000000,8,56,56,8268.14719954,0,0.00604730,0.70395555,0.02965487
exponential,0.90000000,0.20000000,-4.00000000,9,57,57,7716.48742498,9,0.00647963,0.74542157,0.03072466
exponential,0.90000000,0.20000000,-2.00000000,0,48,48,6954.85093229,3,0.00718923,0.81977869,0.03429968
exponential,0.90000000,0.20000000,-2.00000000,1,49,49,7694.89487859,6,0.00649781,0.71643242,0.02999226
exponential,0.90000000,0.20000000,-2.00000000,2,50,50,8075.65209156,0,0.00619145,0.68418854,0.02915036
exponential,0.90000000,0.20000000,-2.00000000,3,51,51,7556.46569954,9,0.00661685,0.76325078,0.03207145
exponential,0.90000000,0.20000000,-2.00000000,4,52,52,6828.41388985,0,0.00732234,0.80936164,0.03450234
exponential,0.90000000,0.20000000,-2.00000000,5,53,53,7436.14890783,6,0.00672391,0.74300370,0.03160955
exponential,0.90000000,0.20000000,-2.00000000,6,54,54,7507.41944046,9,0.00666008,0.73489504,0.03067528
exponential,0.90000000,0.20000000,-2.00000000,7,55,55,7926.16135146,3,0.00630822,0.70701539,0.02935534
exponential,0.90000000,0.20000000,-2.00000000,8,56,56,8231.71611541,3,0.00607407,0.66941046,0.02846546
exponential,0.90000000,0.20000000,-2.00000000,9,57,57,7685.45940891,9,0.00650579,0.71205300,0.02959402
exponential,0.90000000,0.20000000,-1.00000000,0,48,48,6954.85093229,3,0.00718923,0.79620541,0.03347357
exponential,0.90000000,0.20000000,-1.00000000,1,49,49,7611.05045656,9,0.00656940,0.73501772,0.03109332
exponential,0.90000000,0.20000000,-1.00000000,2,50,50,8124.55660968,3,0.00615418,0.65658048,0.02754480
exponential,0.90000000,0.20000000,-1.00000000,3,51,51,7556.46569954,9,0.00661685,0.74750368,0.03158303
exponential,0.90000000,0.20000000,-1.00000000,4,52,52,6917.71335385,3,0.00722782,0.75944281,0.03191222
exponential,0.90000000,0.20000000,-1.00000000,5,53,53,7436.14890783,9,0.00672391,0.75764961,0.03249954
exponential,0.90000000,0.20000000,-1.00000000,6,54,54,7494.60579549,6,0.00667146,0.70621976,0.02972339
exponential,0.90000000,0.20000000,-1.00000000,7,55,55,7787.24265640,6,0.00642076,0.69148042,0.02884682
exponential,0.90000000,0.20000000,-1.00000000,8,56,56,8358.95015424,6,0.00598161,0.62630317,0.02669957
exponential,0.90000000,0.20000000,-1.00000000,9,57,57,7716.48742498,0,0.00647963,0.68555621,0.02948170
exponential,0.90000000,0.20000000,1.00000000,0,48,48,6954.85093229,3,0.00718923,0.69513871,0.02971389
exponential,0.90000000,0.20000000,1.00000000,1,49,49,7611.05045656,6,0.00656940,0.62452419,0.02678736
exponential,0.90000000,0.20000000,1.00000000,2,50,50,7914.97353090,6,0.00631714,0.58842965,0.02534616
exponential,0.90000000,0.20000000,1.00000000,3,51,51,7556.46569954,6,0.00661685,0.63806904,0.02730029
exponential,0.90000000,0.20000000,1.00000000,4,52,52,6855.78566400,3,0.00729311,0.78407781,0.03362441
exponential,0.90000000,0.20000000,1.00000000,5,53,53,7436.14890783,3,0.00672391,0.63888592,0.02814213
exponential,0.90000000,0.20000000,1.00000000,6,54,54,7494.60579549,6,0.00667146,0.63287870,0.02739175
exponential,0.90000000,0.20000000,1.00000000,7,55,55,7855.49282488,3,0.00636497,0.60475863,0.02663890
exponential,0.90000000,0.20000000,1.00000000,8,56,56,8211.67068217,3,0.00608889,0.57847657,0.02548039
exponential,0.90000000,0.20000000,1.00000000,9,57,57,7716.48742498,9,0.00647963,0.63853653,0.02722222
exponential,0.90000000,0.20000000,2.00000000,0,48,48,6954.85093229,6,0.00718923,0.64673926,0.02885980
exponential,0.90000000,0.20000000,2.00000000,1,49,49,7611.05045656,3,0.00656940,0.58928143,0.02624564
exponential,0.90000000,0.20000000,2.00000000,2,50,50,8072.66506513,3,0.00619374,0.55662058,0.02475365
exponential,0.90000000,0.20000000,2.00000000,3,51,51,7556.46569954,6,0.00661685,0.60298344,0.02615283
exponential,0.90000000,0.20000000,2.00000000,4,52,52,6866.39410594,0,0.00728184,0.65373391,0.02919123
exponential,0.90000000,0.20000000,2.00000000,5,53,53,7436.14890783,3,0.00672391,0.60350061,0.02689167
exponential,0.90000000,0.20000000,2.00000000,6,54,54,7494.60579549,3,0.00667146,0.70040009,0.03027793
exponential,0.90000000,0.20000000,2.00000000,7,55,55,7782.79672705,3,0.00642443,0.57778626,0.02577963
exponential,0.90000000,0.20000000,2.00000000,8,56,56,8346.58237904,6,0.00599048,0.53404250,0.02369617
exponential,0.90000000,0.20000000,2.00000000,9,57,57,7716.48742498,9,0.00647963,0.58377501,0.02578276
exponential,0.90000000,0.20000000,4.00000000,0,48,48,6954.85093229,6,0.00718923,0.58815347,0.02679606
exponential,0.90000000,0.20000000,4.00000000,1,49,49,7611.05045656,3,0.00656940,0.53778096,0.02456016
exponential,0.90000000,0.20000000,4.00000000,2,50,50,8080.87174691,6,0.00618745,0.62401919,0.02709936
exponential,0.90000000,0.20000000,4.00000000,3,51,51,7556.46569954,6,0.00661685,0.54571495,0.02430722
exponential,0.90000000,0.20000000,4.00000000,4,52,52,6855.78566400,3,0.00729311,0.73612326,0.03199920
exponential,0.90000000,0.20000000,4.00000000,5,53,53,7521.14560496,6,0.00664792,0.53729530,0.02450215
exponential,0.90000000,0.20000000,4.00000000,6,54,54,7494.60579549,3,0.00667146,0.54560721,0.02486859
exponential,0.90000000,0.20000000,4.00000000,7,55,55,7888.93530849,9,0.00633799,0.63875023,0.02774944
exponential,0.90000000,0.20000000,4.00000000,8,56,56,8347.27784926,0,0.00598998,0.49027184,0.02239678
exponential,0.90000000,0.20000000,4.00000000,9,57,57,7716.48742498,9,0.00647963,0.65291979,0.02836697
logarithmic,0.90000000,0.20000000,-9.00000000,0,48,48,6954.85093229,3,0.00718923,0.60510366,0.02668632
logarithmic,0.90000000,0.20000000,-9.00000000,1,49,49,7612.41026641,3,0.00656822,0.55232792,0.02501268
logarithmic,0.90000000,0.20000000,-9.00000000,2,50,50,7883.67444908,6,0.00634222,0.52591825,0.02361861
logarithmic,0.90000000,0.20000000,-9.00000000,3,51,51,7556.46569954,6,0.00661685,0.56307335,0.02486021
logarithmic,0.90000000,0.20000000,-9.00000000,4,52,52,6855.78566400,3,0.00729311,0.61565139,0.02790412
logarithmic,0.90000000,0.20000000,-9.00000000,5,53,53,7436.14890783,3,0.00672391,0.56754642,0.02572279
logarithmic,0.90000000,0.20000000,-9.00000000,6,54,54,7494.60579549,3,0.00667146,0.68189925,0.02965083
logarithmic,0.90000000,0.20000000,-9.00000000,7,55,55,7913.29814630,9,0.00631848,0.64183622,0.02782691
logarithmic,0.90000000,0.20000000,-9.00000000,8,56,56,8367.85916219,6,0.00597524,0.48961092,0.02215942
logarithmic,0.90000000,0.20000000,-9.00000000,9,57,57,7716.48742498,9,0.00647963,0.54753068,0.02465070
logarithmic,0.90000000,0.20000000,-3.00000000,0,48,48,6954.85093229,3,0.00718923,0.66747200,0.02877478
logarithmic,0.90000000,0.20000000,-3.00000000,1,49,49,7611.05045656,6,0.00656940,0.60721118,0.02622769
logarithmic,0.90000000,0.20000000,-3.00000000,2,50,50,7914.97353090,6,0.00631714,0.56160086,0.02446429
logarithmic,0.90000000,0.20000000,-3.00000000,3,51,51,7556.46569954,6,0.00661685,0.61305591,0.02648114
logarithmic,0.90000000,0.20000000,-3.00000000,4,52,52,6855.78566400,6,0.00729311,0.66970513,0.02887518
logarithmic,0.90000000,0.20000000,-3.00000000,5,53,53,7436.14890783,3,0.00672391,0.61492041,0.02733718
logarithmic,0.90000000,0.20000000,-3.00000000,6,54,54,7494.60579549,6,0.00667146,0.60808545,0.02660495
logarithmic,0.90000000,0.20000000,-3.00000000,7,55,55,7905.32533994,3,0.00632485,0.57708469,0.02558371
logarithmic,0.90000000,0.20000000,-3.00000000,8,56,56,8232.25199510,6,0.00607367,0.55303828,0.02452422
logarithmic,0.90000000,0.20000000,-3.00000000,9,57,57,7716.48742498,9,0.00647963,0.61296560,0.02633830
logarithmic,0.90000000,0.20000000,-1.00000000,0,48,48,6954.85093229,6,0.00718923,0.69283424,0.03013255
logarithmic,0.90000000,0.20000000,-1.00000000,1,49,49,7611.05045656,6,0.00656940,0.62949441,0.02736429
logarithmic,0.90000000,0.20000000,-1.00000000,2,50,50,8065.83167594,0,0.00619899,0.59677505,0.02620283
logarithmic,0.90000000,0.20000000,-1.00000000,3,51,51,7556.46569954,6,0.00661685,0.71571244,0.03077551
logarithmic,0.90000000,0.20000000,-1.00000000,4,52,52,6855.78566400,3,0.00729311,0.78871893,0.03378159
logarithmic,0.90000000,0.20000000,-1.00000000,5,53,53,7614.86902150,3,0.00656610,0.62753965,0.02711241
logarithmic,0.90000000,0.20000000,-1.00000000,6,54,54,7494.60579549,6,0.00667146,0.63622392,0.02747497
logarithmic,0.90000000,0.20000000,-1.00000000,7,55,55,7787.24265640,3,0.00642076,0.61825598,0.02715241
logarithmic,0.90000000,0.20000000,-1.00000000,8,56,56,8211.67068217,6,0.00608889,0.57290940,0.02470240
logarithmic,0.90000000,0.20000000,-1.00000000,9,57,57,7808.43507937,6,0.00640333,0.66359710,0.02815887
logarithmic,0.90000000,0.20000000,1.00000000,0,48,48,6954.85093229,3,0.00718923,0.78622181,0.03312144
logarithmic,0.90000000,0.20000000,1.00000000,1,49,49,7611.05045656,6,0.00656940,0.71490217,0.03017267
logarithmic,0.90000000,0.20000000,1.00000000,2,50,50,8065.83167594,3,0.00619899,0.62198309,0.02660690
logarithmic,0.90000000,0.20000000,1.00000000,3,51,51,7556.46569954,6,0.00661685,0.68889143,0.02940726
logarithmic,0.90000000,0.20000000,1.00000000,4,52,52,6832.91087139,3,0.00731753,0.75933088,0.03275885
logarithmic,0.90000000,0.20000000,1.00000000,5,53,53,7444.03551223,3,0.00671679,0.69232111,0.02973480
logarithmic,0.90000000,0.20000000,1.00000000,6,54,54,7547.71037239,9,0.00662453,0.68766200,0.02909969
logarithmic,0.90000000,0.20000000,1.00000000,7,55,55,7985.11121462,0,0.00626165,0.65040784,0.02809154
logarithmic,0.90000000,0.20000000,1.00000000,8,56,56,8231.71611541,3,0.00607407,0.63106560,0.02717968
logarithmic,0.90000000,0.20000000,1.00000000,9,57,57,7685.45940891,3,0.00650579,0.67517921,0.02848092
logarithmic,0.90000000,0.20000000,3.00000000,0,48,48,6954.85093229,3,0.00718923,0.80018970,0.03361276
logarithmic,0.90000000,0.20000000,3.00000000,1,49,49,7657.87941280,3,0.00652922,0.69651664,0.02989314
logarithmic,0.90000000,0.20000000,3.00000000,2,50,50,8079.43447271,3,0.00618855,0.64846201,0.02719534
logarithmic,0.90000000,0.20000000,3.00000000,3,51,51,7556.46569954,3,0.00661685,0.71350639,0.02983934
logarithmic,0.90000000,0.20000000,3.00000000,4,52,52,6855.78566400,9,0.00729311,0.77759412,0.03245472
logarithmic,0.90000000,0.20000000,3.00000000,5,53,53,7513.03074192,9,0.00665510,0.71111083,0.02988427
logarithmic,0.90000000,0.20000000,3.00000000,6,54,54,7507.41944046,9,0.00666008,0.71982509,0.03015382
logarithmic,0.90000000,0.20000000,3.00000000,7,55,55,7802.24569799,0,0.00640841,0.68326026,0.02933715
logarithmic,0.90000000,0.20000000,3.00000000,8,56,56,8262.25592702,6,0.00605162,0.68590011,0.02933923
logarithmic,0.90000000,0.20000000,3.00000000,9,57,57,7685.45940891,9,0.00650579,0.68645495,0.02875192
logarithmic,0.90000000,0.20000000,9.00000000,0,48,48,6954.85093229,3,0.00718923,0.81398911,0.03409536
logarithmic,0.90000000,0.20000000,9.00000000,1,49,49,7611.05045656,9,0.00656940,0.73826509,0.03083103
logarithmic,0.90000000,0.20000000,9.00000000,2,50,50,7883.67444908,3,0.00634222,0.72755528,0.03096199
logarithmic,0.90000000,0.20000000,9.00000000,3,51,51,7556.46569954,0,0.00661685,0.72393114,0.03092110
logarithmic,0.90000000,0.20000000,9.00000000,4,52,52,6917.71335385,3,0.00722782,0.79089769,0.03377025
logarithmic,0.90000000,0.20000000,9.00000000,5,53,53,7436.14890783,9,0.00672391,0.72918289,0.03047123
logarithmic,0.90000000,0.20000000,9.00000000,6,54,54,7507.41944046,12,0.00666008,0.73093904,0.03048046
logarithmic,0.90000000,0.20000000,9.00000000,7,55,55,7890.39569371,3,0.00633682,0.70166693,0.02928162
logarithmic,0.90000000,0.20000000,9.00000000,8,56,56,8347.27784926,0,0.00598998,0.65473567,0.02795849
logarithmic,0.90000000,0.20000000,9.00000000,9,57,57,7716.48742498,6,0.00647963,0.72874992,0.03044561
linear,0.80000000,0.20000000,1.00000000,0,48,48,6954.85093229,6,0.00718923,0.73523005,0.03178721
linear,0.80000000,0.20000000,1.00000000,1,49,49,7637.38789790,6,0.00654674,0.67577585,0.02844500
linear,0.80000000,0.20000000,1.00000000,2,50,50,8111.43839936,0,0.00616413,0.63071463,0.02732560
linear,0.80000000,0.20000000,1.00000000,3,51,51,7556.46569954,9,0.00661685,0.70200832,0.02956480
linear,0.80000000,0.20000000,1.00000000,4,52,52,6915.62465425,3,0.00723000,0.73785247,0.03193189
linear,0.80000000,0.20000000,1.00000000,5,53,53,7469.13622961,6,0.00669421,0.69236385,0.02921493
linear,0.80000000,0.20000000,1.00000000,6,54,54,7507.41944046,9,0.00666008,0.68383409,0.02884394
linear,0.80000000,0.20000000,1.00000000,7,55,55,7802.53287662,6,0.00640818,0.65098136,0.02762736
linear,0.80000000,0.20000000,1.00000000,8,56,56,8262.25592702,6,0.00605162,0.61862202,0.02652164
linear,0.80000000,0.20000000,1.00000000,9,57,57,7719.98356753,6,0.00647670,0.66217252,0.02809525
exponential,0.80000000,0.20000000,-4.00000000,0,48,48,6954.85093229,3,0.00718923,0.84920303,0.03532495
exponential,0.80000000,0.20000000,-4.00000000,1,49,49,7611.05045656,6,0.00656940,0.76310150,0.03137833
exponential,0.80000000,0.20000000,-4.00000000,2,50,50,7898.79119371,0,0.00633008,0.74096574,0.03122333
exponential,0.80000000,0.20000000,-4.00000000,3,51,51,7556.46569954,6,0.00661685,0.77629480,0.03213597
exponential,0.80000000,0.20000000,-4.00000000,4,52,52,6855.78566400,3,0.00729311,0.86439169,0.03633492
exponential,0.80000000,0.20000000,-4.00000000,5,53,53,7444.03551223,3,0.00671679,0.78317186,0.03275815
exponential,0.80000000,0.20000000,-4.00000000,6,54,54,7507.41944046,9,0.00666008,0.76856434,0.03179248
exponential,0.80000000,0.20000000,-4.00000000,7,55,55,7782.79672705,3,0.00642443,0.75525179,0.03142555
exponential,0.80000000,0.20000000,-4.00000000,8,56,56,8261.07248638,0,0.00605248,0.70674423,0.02979048
exponential,0.80000000,0.20000000,-4.00000000,9,57,57,7685.45940891,3,0.00650579,0.75437955,0.03115550
exponential,0.80000000,0.20000000,-2.00000000,0,48,48,6954.85093229,3,0.00718923,0.82467398,0.03447058
exponential,0.80000000,0.20000000,-2.00000000,1,49,49,7611.05045656,6,0.00656940,0.72101202,0.02998586
exponential,0.80000000,0.20000000,-2.00000000,2,50,50,8102.30007420,3,0.00617109,0.68703662,0.02872168
exponential,0.80000000,0.20000000,-2.00000000,3,51,51,7556.46569954,6,0.00661685,0.74603961,0.03087113
exponential,0.80000000,0.20000000,-2.00000000,4,52,52,6832.91087139,0,0.00731753,0.81660208,0.03472910
exponential,0.80000000,0.20000000,-2.00000000,5,53,53,7436.14890783,9,0.00672391,0.77783897,0.03313473
exponential,0.80000000,0.20000000,-2.00000000,6,54,54,7554.91503776,9,0.00661821,0.75302719,0.03139698
exponential,0.80000000,0.20000000,-2.00000000,7,55,55,7899.87023428,9,0.00632922,0.72792657,0.03055909
exponential,0.80000000,0.20000000,-2.00000000,8,56,56,8292.73295565,3,0.00602938,0.67193823,0.02852373
exponential,0.80000000,0.20000000,-2.00000000,9,57,57,7716.48742498,3,0.00647963,0.72639805,0.03016522
exponential,0.80000000,0.20000000,-1.00000000,0,48,48,6954.85093229,9,0.00718923,0.81596122,0.03442688
exponential,0.80000000,0.20000000,-1.00000000,1,49,49,7766.05800918,6,0.00643827,0.68891628,0.02891712
exponential,0.80000000,0.20000000,-1.00000000,2,50,50,8102.30007420,6,0.00617109,0.64840836,0.02734779
exponential,0.80000000,0.20000000,-1.00000000,3,51,51,7556.46569954,3,0.00661685,0.71017865,0.02989576
exponential,0.80000000,0.20000000,-1.00000000,4,52,52,6832.91087139,3,0.00731753,0.76744301,0.03240016
exponential,0.80000000,0.20000000,-1.00000000,5,53,53,7521.14560496,6,0.00664792,0.70833454,0.02983703
exponential,0.80000000,0.20000000,-1.00000000,6,54,54,7494.60579549,0,0.00667146,0.71595231,0.03070797
exponential,0.80000000,0.20000000,-1.00000000,7,55,55,7905.32533994,3,0.00632485,0.71887527,0.03047843
exponential,0.80000000,0.20000000,-1.00000000,8,56,56,8262.25592702,6,0.00605162,0.64801639,0.02743470
exponential,0.80000000,0.20000000,-1.00000000,9,57,57,7800.55795968,0,0.00640980,0.68777811,0.02949983
exponential,0.80000000,0.20000000,1.00000000,0,48,48,6954.85093229,6,0.00718923,0.69784959,0.03027802
exponential,0.80000000,0.20000000,1.00000000,1,49,49,7680.68977173,3,0.00650983,0.63239501,0.02766697
exponential,0.80000000,0.20000000,1.00000000,2,50,50,7901.18880935,3,0.00632816,0.61311608,0.02680115
exponential,0.80000000,0.20000000,1.00000000,3,51,51,7556.46569954,6,0.00661685,0.64344440,0.02800042
exponential,0.80000000,0.20000000,1.00000000,4,52,52,6832.91087139,6,0.00731753,0.78101755,0.03339850
exponential,0.80000000,0.20000000,1.00000000,5,53,53,7553.57924941,0,0.00661938,0.64310450,0.02818419
exponential,0.80000000,0.20000000,1.00000000,6,54,54,7494.60579549,6,0.00667146,0.63013378,0.02716812
exponential,0.80000000,0.20000000,1.00000000,7,55,55,7899.87023428,3,0.00632922,0.60212571,0.02579512
exponential,0.80000000,0.20000000,1.00000000,8,56,56,8262.25592702,9,0.00605162,0.58579551,0.02509445
exponential,0.80000000,0.20000000,1.00000000,9,57,57,7716.48742498,3,0.00647963,0.66719050,0.02842430
exponential,0.80000000,0.20000000,2.00000000,0,48,48,6954.85093229,6,0.00718923,0.66422525,0.02924289
exponential,0.80000000,0.20000000,2.00000000,1,49,49,7637.38789790,6,0.00654674,0.60889042,0.02618743
exponential,0.80000000,0.20000000,2.00000000,2,50,50,8102.30007420,9,0.00617109,0.61601177,0.02630251
exponential,0.80000000,0.20000000,2.00000000,3,51,51,7556.46569954,3,0.00661685,0.63348277,0.02720248
exponential,0.80000000,0.20000000,2.00000000,4,52,52,6881.90333199,9,0.00726543,0.67628281,0.02906664
exponential,0.80000000,0.20000000,2.00000000,5,53,53,7553.57924941,0,0.00661938,0.61116588,0.02710145
exponential,0.80000000,0.20000000,2.00000000,6,54,54,7494.60579549,3,0.00667146,0.70830902,0.03054591
exponential,0.80000000,0.20000000,2.00000000,7,55,55,7890.39569371,3,0.00633682,0.58239742,0.02573194
exponential,0.80000000,0.20000000,2.00000000,8,56,56,8211.67068217,6,0.00608889,0.56112960,0.02489053
exponential,0.80000000,0.20000000,2.00000000,9,57,57,7716.48742498,3,0.00647963,0.59753805,0.02643989
exponential,0.80000000,0.20000000,4.00000000,0,48,48,6954.85093229,6,0.00718923,0.61877735,0.02714090
exponential,0.80000000,0.20000000,4.00000000,1,49,49,7744.80309153,3,0.00645594,0.54289846,0.02442375
exponential,0.80000000,0.20000000,4.00000000,2,50,50,7901.18880935,6,0.00632816,0.54412371,0.02381234
exponential,0.80000000,0.20000000,4.00000000,3,51,51,7556.46569954,9,0.00661685,0.67583468,0.02928759
exponential,0.80000000,0.20000000,4.00000000,4,52,52,6828.41388985,0,0.00732234,0.61853363,0.02803860
exponential,0.80000000,0.20000000,4.00000000,5,53,53,7436.70258516,3,0.00672341,0.56738286,0.02571264
exponential,0.80000000,0.20000000,4.00000000,6,54,54,7507.41944046,6,0.00666008,0.67718430,0.02936260
exponential,0.80000000,0.20000000,4.00000000,7,55,55,7787.24265640,3,0.00642076,0.54225729,0.02454319
exponential,0.80000000,0.20000000,4.00000000,8,56,56,8232.25199510,6,0.00607367,0.50227100,0.02276448
exponential,0.80000000,0.20000000,4.00000000,9,57,57,7734.34426693,6,0.00646467,0.54351704,0.02458597
logarithmic,0.80000000,0.20000000,-9.00000000,0,48,48,6954.85093229,6,0.00718923,0.62525838,0.02799639
logarithmic,0.80000000,0.20000000,-9.00000000,1,49,49,7611.05045656,9,0.00656940,0.57044278,0.02514828
logarithmic,0.80000000,0.20000000,-9.00000000,2,50,50,8121.85251115,6,0.00615623,0.53687173,0.02344190
logarithmic,0.80000000,0.20000000,-9.00000000,3,51,51,7556.46569954,3,0.00661685,0.59373783,0.02582314
logarithmic,0.80000000,0.20000000,-9.00000000,4,52,52,6881.90333199,9,0.00726543,0.63400649,0.02765738
logarithmic,0.80000000,0.20000000,-9.00000000,5,53,53,7553.57924941,0,0.00661938,0.57611979,0.02590902
logarithmic,0.80000000,0.20000000,-9.00000000,6,54,54,7494.60579549,6,0.00667146,0.60039425,0.02609140
logarithmic,0.80000000,0.20000000,-9.00000000,7,55,55,7892.74863381,3,0.00633493,0.55011256,0.02469085
logarithmic,0.80000000,0.20000000,-9.00000000,8,56,56,8287.95840404,6,0.00603285,0.52512780,0.02362482
logarithmic,0.80000000,0.20000000,-9.00000000,9,57,57,7693.90888113,0,0.00649865,0.56569056,0.02545362
logarithmic,0.80000000,0.20000000,-3.00000000,0,48,48,6954.85093229,6,0.00718923,0.67476567,0.02956756
logarithmic,0.80000000,0.20000000,-3.00000000,1,49,49,7611.05045656,6,0.00656940,0.70223604,0.03015104
logarithmic,0.80000000,0.20000000,-3.00000000,2,50,50,8102.30007420,3,0.00617109,0.57870169,0.02556658
logarithmic,0.80000000,0.20000000,-3.00000000,3,51,51,7556.46569954,6,0.00661685,0.62913015,0.02700619
logarithmic,0.80000000,0.20000000,-3.00000000,4,52,52,6832.91087139,6,0.00731753,0.76898829,0.03300165
logarithmic,0.80000000,0.20000000,-3.00000000,5,53,53,7553.57924941,0,0.00661938,0.62075058,0.02742638
logarithmic,0.80000000,0.20000000,-3.00000000,6,54,54,7494.60579549,6,0.00667146,0.61633391,0.02674160
logarithmic,0.80000000,0.20000000,-3.00000000,7,55,55,7888.93530849,0,0.00633799,0.59443916,0.02626801
logarithmic,0.80000000,0.20000000,-3.00000000,8,56,56,8262.25592702,9,0.00605162,0.56461945,0.02439201
logarithmic,0.80000000,0.20000000,-3.00000000,9,57,57,7716.48742498,6,0.00647963,0.60622058,0.02622035
logarithmic,0.80000000,0.20000000,-1.00000000,0,48,48,6954.85093229,6,0.00718923,0.70585284,0.03052106
logarithmic,0.80000000,0.20000000,-1.00000000,1,49,49,7668.55806340,9,0.00652013,0.63948495,0.02779990
logarithmic,0.80000000,0.20000000,-1.00000000,2,50,50,8115.01912196,6,0.00616141,0.61836097,0.02619084
logarithmic,0.80000000,0.20000000,-1.00000000,3,51,51,7556.46569954,9,0.00661685,0.65325589,0.02796741
logarithmic,0.80000000,0.20000000,-1.00000000,4,52,52,6864.81336599,3,0.00728352,0.79530326,0.03399565
logarithmic,0.80000000,0.20000000,-1.00000000,5,53,53,7553.57924941,0,0.00661938,0.65111875,0.02845585
logarithmic,0.80000000,0.20000000,-1.00000000,6,54,54,7507.41944046,6,0.00666008,0.65197742,0.02782648
logarithmic,0.80000000,0.20000000,-1.00000000,7,55,55,7992.80268504,9,0.00625563,0.68004948,0.02898514
logarithmic,0.80000000,0.20000000,-1.00000000,8,56,56,8262.25592702,3,0.00605162,0.57898815,0.02518548
logarithmic,0.80000000,0.20000000,-1.00000000,9,57,57,7685.45940891,0,0.00650579,0.64002544,0.02797378
logarithmic,0.80000000,0.20000000,1.00000000,0,48,48,6954.85093229,9,0.00718923,0.80976392,0.03423862
logarithmic,0.80000000,0.20000000,1.00000000,1,49,49,7611.05045656,3,0.00656940,0.69480587,0.02952390
logarithmic,0.80000000,0.20000000,1.00000000,2,50,50,8009.03918137,6,0.00624295,0.65364407,0.02799880
logarithmic,0.80000000,0.20000000,1.00000000,3,51,51,7556.46569954,3,0.00661685,0.69827100,0.02951430
logarithmic,0.80000000,0.20000000,1.00000000,4,52,52,6884.95897719,0,0.00726221,0.76649391,0.03299008
logarithmic,0.80000000,0.20000000,1.00000000,5,53,53,7521.14560496,6,0.00664792,0.69740875,0.02945915
logarithmic,0.80000000,0.20000000,1.00000000,6,54,54,7507.41944046,9,0.00666008,0.70716794,0.02972795
logarithmic,0.80000000,0.20000000,1.00000000,7,55,55,7855.49282488,3,0.00636497,0.66206468,0.02785845
logarithmic,0.80000000,0.20000000,1.00000000,8,56,56,8262.25592702,6,0.00605162,0.63411320,0.02697604
logarithmic,0.80000000,0.20000000,1.00000000,9,57,57,7728.43303975,9,0.00646962,0.72610581,0.03070463
logarithmic,0.80000000,0.20000000,3.00000000,0,48,48,6954.85093229,3,0.00718923,0.77707708,0.03327829
logarithmic,0.80000000,0.20000000,3.00000000,1,49,49,7611.05045656,3,0.00656940,0.70890300,0.03009137
logarithmic,0.80000000,0.20000000,3.00000000,2,50,50,8102.30007420,3,0.00617109,0.66418661,0.02798917
logarithmic,0.80000000,0.20000000,3.00000000,3,51,51,7556.46569954,6,0.00661685,0.72226713,0.03008453
logarithmic,0.80000000,0.20000000,3.00000000,4,52,52,6832.91087139,3,0.00731753,0.79687097,0.03332241
logarithmic,0.80000000,0.20000000,3.00000000,5,53,53,7436.14890783,9,0.00672391,0.76624293,0.03277361
logarithmic,0.80000000,0.20000000,3.00000000,6,54,54,7554.91503776,9,0.00661821,0.73720967,0.03087043
logarithmic,0.80000000,0.20000000,3.00000000,7,55,55,7802.24569799,6,0.00640841,0.69088659,0.02880321
logarithmic,0.80000000,0.20000000,3.00000000,8,56,56,8303.16154968,9,0.00602180,0.65142129,0.02740595
logarithmic,0.80000000,0.20000000,3.00000000,9,57,57,7771.10493478,0,0.00643409,0.69549565,0.02978027
logarithmic,0.80000000,0.20000000,9.00000000,0,48,48,6954.85093229,3,0.00718923,0.81954071,0.03428961
logarithmic,0.80000000,0.20000000,9.00000000,1,49,49,7659.37553725,6,0.00652795,0.71768889,0.03023008
logarithmic,0.80000000,0.20000000,9.00000000,2,50,50,7898.79119371,3,0.00633008,0.68845297,0.02878292
logarithmic,0.80000000,0.20000000,9.00000000,3,51,51,7556.46569954,6,0.00661685,0.74559292,0.03096002
logarithmic,0.80000000,0.20000000,9.00000000,4,52,52,6898.15779441,6,0.00724831,0.79691641,0.03314903
logarithmic,0.80000000,0.20000000,9.00000000,5,53,53,7444.03551223,3,0.00671679,0.74285153,0.03164945
logarithmic,0.80000000,0.20000000,9.00000000,6,54,54,7507.41944046,9,0.00666008,0.73365434,0.03048382
logarithmic,0.80000000,0.20000000,9.00000000,7,55,55,7878.85954543,6,0.00634610,0.71126050,0.02950905
logarithmic,0.80000000,0.20000000,9.00000000,8,56,56,8347.27784926,3,0.00598998,0.65715018,0.02757591
logarithmic,0.80000000,0.20000000,9.00000000,9,57,57,7743.22828692,6,0.00645726,0.71152301,0.03009571
linear,0.80000000,0.30000000,1.00000000,0,48,48,6954.85093229,6,0.00479282,0.54372012,0.02249626
linear,0.80000000,0.30000000,1.00000000,1,49,49,7637.38789790,0,0.00436449,0.49094260,0.02085741
linear,0.80000000,0.30000000,1.00000000,2,50,50,8111.43839936,0,0.00410942,0.46225103,0.01963289
linear,0.80000000,0.30000000,1.00000000,3,51,51,7556.46569954,9,0.00441123,0.51274998,0.02161208
linear,0.80000000,0.30000000,1.00000000,4,52,52,6864.81336599,3,0.00485568,0.56444124,0.02382458
linear,0.80000000,0.30000000,1.00000000,5,53,53,7521.14560496,6,0.00443195,0.49579113,0.02064162
linear,0.80000000,0.30000000,1.00000000,6,54,54,7547.71037239,6,0.00441635,0.49620285,0.02106154
linear,0.80000000,0.30000000,1.00000000,7,55,55,7889.05608029,9,0.00422526,0.47086913,0.01957613
linear,0.80000000,0.30000000,1.00000000,8,56,56,8262.25592702,3,0.00403441,0.44665547,0.01893012
linear,0.80000000,0.30000000,1.00000000,9,57,57,7685.45940891,3,0.00433719,0.48787633,0.02072767
exponential,0.80000000,0.30000000,-4.00000000,0,48,48,6954.85093229,3,0.00479282,0.57121470,0.02360336
exponential,0.80000000,0.30000000,-4.00000000,1,49,49,7611.05045656,3,0.00437960,0.52130936,0.02187565
exponential,0.80000000,0.30000000,-4.00000000,2,50,50,7898.79119371,6,0.00422006,0.49355110,0.02049587
exponential,0.80000000,0.30000000,-4.00000000,3,51,51,7556.46569954,6,0.00441123,0.52464132,0.02169182
exponential,0.80000000,0.30000000,-4.00000000,4,52,52,6917.88658123,6,0.00481843,0.55524524,0.02306302
exponential,0.80000000,0.30000000,-4.00000000,5,53,53,7436.14890783,6,0.00448261,0.53270676,0.02200793
exponential,0.80000000,0.30000000,-4.00000000,6,54,54,7515.32348946,6,0.00443538,0.52012347,0.02179263
exponential,0.80000000,0.30000000,-4.00000000,7,55,55,7816.61381232,3,0.00426442,0.50776782,0.02129767
exponential,0.80000000,0.30000000,-4.00000000,8,56,56,8232.25199510,3,0.00404911,0.47378123,0.01977138
exponential,0.80000000,0.30000000,-4.00000000,9,57,57,7685.45940891,6,0.00433719,0.50556165,0.02096253
exponential,0.80000000,0.30000000,-2.00000000,0,48,48,6954.85093229,3,0.00479282,0.56447886,0.02337090
exponential,0.80000000,0.30000000,-2.00000000,1,49,49,7637.38789790,0,0.00436449,0.51057928,0.02152415
exponential,0.80000000,0.30000000,-2.00000000,2,50,50,8115.01912196,6,0.00410761,0.47403374,0.01976820
exponential,0.80000000,0.30000000,-2.00000000,3,51,51,7556.46569954,3,0.00441123,0.51309235,0.02125404
exponential,0.80000000,0.30000000,-2.00000000,4,52,52,6832.91087139,3,0.00487835,0.54899369,0.02300063
exponential,0.80000000,0.30000000,-2.00000000,5,53,53,7469.13622961,3,0.00446281,0.52002254,0.02179679
exponential,0.80000000,0.30000000,-2.00000000,6,54,54,7530.90985359,6,0.00442620,0.51672227,0.02170052
exponential,0.80000000,0.30000000,-2.00000000,7,55,55,7881.89323251,6,0.00422910,0.48597948,0.02003324
exponential,0.80000000,0.30000000,-2.00000000,8,56,56,8260.95552056,6,0.00403505,0.46815632,0.01960087
exponential,0.80000000,0.30000000,-2.00000000,9,57,57,7771.10493478,0,0.00428939,0.50179356,0.02115193
exponential,0.80000000,0.30000000,-1.00000000,0,48,48,6954.85093229,3,0.00479282,0.55116902,0.02330923
exponential,0.80000000,0.30000000,-1.00000000,1,49,49,7611.05045656,6,0.00437960,0.50593677,0.02103904
exponential,0.80000000,0.30000000,-1.00000000,2,50,50,8115.01912196,6,0.00410761,0.47257175,0.01951517
exponential,0.80000000,0.30000000,-1.00000000,3,51,51,7556.46569954,6,0.00441123,0.50864692,0.02103827
exponential,0.80000000,0.30000000,-1.00000000,4,52,52,7030.98405094,6,0.00474092,0.54371306,0.02288129
exponential,0.80000000,0.30000000,-1.00000000,5,53,53,7469.13622961,9,0.00446281,0.49630879,0.02081135
exponential,0.80000000,0.30000000,-1.00000000,6,54,54,7494.60579549,6,0.00444764,0.50754697,0.02117674
exponential,0.80000000,0.30000000,-1.00000000,7,55,55,7782.79672705,6,0.00428295,0.49165130,0.02027812
exponential,0.80000000,0.30000000,-1.00000000,8,56,56,8211.67068217,6,0.00405926,0.45909710,0.01932353
exponential,0.80000000,0.30000000,-1.00000000,9,57,57,7697.70711283,3,0.00433029,0.49714822,0.02073855
exponential,0.80000000,0.30000000,1.00000000,0,48,48,6954.85093229,6,0.00479282,0.52366446,0.02226939
exponential,0.80000000,0.30000000,1.00000000,1,49,49,7612.41026641,6,0.00437881,0.47975371,0.02047363
exponential,0.80000000,0.30000000,1.00000000,2,50,50,7939.44399116,6,0.00419845,0.45905525,0.01958258
exponential,0.80000000,0.30000000,1.00000000,3,51,51,7556.46569954,9,0.00441123,0.50638331,0.02140810
exponential,0.80000000,0.30000000,1.00000000,4,52,52,6832.91087139,6,0.00487835,0.51594274,0.02197027
exponential,0.80000000,0.30000000,1.00000000,5,53,53,7553.57924941,0,0.00441292,0.48354777,0.02064738
exponential,0.80000000,0.30000000,1.00000000,6,54,54,7494.60579549,6,0.00444764,0.47436151,0.02003368
exponential,0.80000000,0.30000000,1.00000000,7,55,55,7809.91292716,3,0.00426808,0.46705668,0.01988984
exponential,0.80000000,0.30000000,1.00000000,8,56,56,8245.50535146,6,0.00404261,0.43157629,0.01827675
exponential,0.80000000,0.30000000,1.00000000,9,57,57,7693.90888113,0,0.00433243,0.47475611,0.02027835
exponential,0.80000000,0.30000000,2.00000000,0,48,48,6954.85093229,6,0.00479282,0.50985976,0.02182148
exponential,0.80000000,0.30000000,2.00000000,1,49,49,7612.41026641,3,0.00437881,0.46645236,0.02000430
exponential,0.80000000,0.30000000,2.00000000,2,50,50,8102.30007420,9,0.00411406,0.43130101,0.01811610
exponential,0.80000000,0.30000000,2.00000000,3,51,51,7556.46569954,3,0.00441123,0.47024027,0.01973409
exponential,0.80000000,0.30000000,2.00000000,4,52,52,6881.90333199,9,0.00484362,0.51259954,0.02150051
exponential,0.80000000,0.30000000,2.00000000,5,53,53,7451.90584030,3,0.00447313,0.47651996,0.02043394
exponential,0.80000000,0.30000000,2.00000000,6,54,54,7494.60579549,3,0.00444764,0.50391844,0.02143904
exponential,0.80000000,0.30000000,2.00000000,7,55,55,7817.08914036,3,0.00426416,0.45398937,0.01946687
exponential,0.80000000,0.30000000,2.00000000,8,56,56,8211.67068217,6,0.00405926,0.43132359,0.01846450
exponential,0.80000000,0.30000000,2.00000000,9,57,57,7716.48742498,3,0.00431975,0.46332978,0.01940557
exponential,0.80000000,0.30000000,4.00000000,0,48,48,6954.85093229,6,0.00479282,0.48225928,0.02048777
exponential,0.80000000,0.30000000,4.00000000,1,49,49,7702.22588741,3,0.00432775,0.43685823,0.01888877
exponential,0.80000000,0.30000000,4.00000000,2,50,50,7898.79119371,3,0.00422006,0.42701988,0.01853987
exponential,0.80000000,0.30000000,4.00000000,3,51,51,7556.46569954,9,0.00441123,0.48738497,0.02077695
exponential,0.80000000,0.30000000,4.00000000,4,52,52,6866.31642090,6,0.00485462,0.53151830,0.02267653
exponential,0.80000000,0.30000000,4.00000000,5,53,53,7444.03551223,3,0.00447786,0.45290601,0.01966755
exponential,0.80000000,0.30000000,4.00000000,6,54,54,7507.41944046,6,0.00444005,0.48914503,0.02084010
exponential,0.80000000,0.30000000,4.00000000,7,55,55,7787.24265640,3,0.00428051,0.43320035,0.01880775
exponential,0.80000000,0.30000000,4.00000000,8,56,56,8232.25199510,6,0.00404911,0.40680295,0.01764031
exponential,0.80000000,0.30000000,4.00000000,9,57,57,7721.56545232,6,0.00431691,0.43527986,0.01884577
logarithmic,0.80000000,0.30000000,-9.00000000,0,48,48,6954.85093229,6,0.00479282,0.49293211,0.02128620
logarithmic,0.80000000,0.30000000,-9.00000000,1,49,49,7637.38789790,6,0.00436449,0.44962340,0.01897663
logarithmic,0.80000000,0.30000000,-9.00000000,2,50,50,8088.47686152,6,0.00412109,0.42192175,0.01821169
logarithmic,0.80000000,0.30000000,-9.00000000,3,51,51,7556.46569954,3,0.00441123,0.45336272,0.01915394
logarithmic,0.80000000,0.30000000,-9.00000000,4,52,52,6881.90333199,9,0.00484362,0.49453372,0.02090733
logarithmic,0.80000000,0.30000000,-9.00000000,5,53,53,7553.57924941,0,0.00441292,0.45410479,0.01965416
logarithmic,0.80000000,0.30000000,-9.00000000,6,54,54,7494.60579549,3,0.00444764,0.49570596,0.02116066
logarithmic,0.80000000,0.30000000,-9.00000000,7,55,55,7794.81190129,3,0.00427635,0.43999574,0.01902372
logarithmic,0.80000000,0.30000000,-9.00000000,8,56,56,8211.67068217,6,0.00405926,0.41724758,0.01804078
logarithmic,0.80000000,0.30000000,-9.00000000,9,57,57,7719.12202472,3,0.00431828,0.44383037,0.01916824
logarithmic,0.80000000,0.30000000,-3.00000000,0,48,48,6954.85093229,6,0.00479282,0.51490232,0.02199704
logarithmic,0.80000000,0.30000000,-3.00000000,1,49,49,7611.05045656,9,0.00437960,0.46622604,0.01970260
logarithmic,0.80000000,0.30000000,-3.00000000,2,50,50,8102.30007420,9,0.00411406,0.43330272,0.01817896
logarithmic,0.80000000,0.30000000,-3.00000000,3,51,51,7556.46569954,6,0.00441123,0.47369024,0.02000457
logarithmic,0.80000000,0.30000000,-3.00000000,4,52,52,6881.90333199,9,0.00484362,0.51785015,0.02167570
logarithmic,0.80000000,0.30000000,-3.00000000,5,53,53,7553.57924941,0,0.00441292,0.47424559,0.02033204
logarithmic,0.80000000,0.30000000,-3.00000000,6,54,54,7494.60579549,6,0.00444764,0.46738041,0.01982199
logarithmic,0.80000000,0.30000000,-3.00000000,7,55,55,7892.74863381,3,0.00422329,0.45306264,0.01939135
logarithmic,0.80000000,0.30000000,-3.00000000,8,56,56,8347.27784926,3,0.00399332,0.42270189,0.01788333
logarithmic,0.80000000,0.30000000,-3.00000000,9,57,57,7693.90888113,0,0.00433243,0.46561711,0.01996880
logarithmic,0.80000000,0.30000000,-1.00000000,0,48,48,6954.85093229,6,0.00479282,0.52856801,0.02243790
logarithmic,0.80000000,0.30000000,-1.00000000,1,49,49,7611.05045656,6,0.00437960,0.50426895,0.02132491
logarithmic,0.80000000,0.30000000,-1.00000000,2,50,50,7939.11052258,3,0.00419862,0.46039993,0.01960604
logarithmic,0.80000000,0.30000000,-1.00000000,3,51,51,7556.46569954,6,0.00441123,0.48649203,0.02068796
logarithmic,0.80000000,0.30000000,-1.00000000,4,52,52,6832.91087139,6,0.00487835,0.55681430,0.02352809
logarithmic,0.80000000,0.30000000,-1.00000000,5,53,53,7553.57924941,0,0.00441292,0.48662783,0.02075180
logarithmic,0.80000000,0.30000000,-1.00000000,6,54,54,7494.60579549,6,0.00444764,0.48027758,0.02023175
logarithmic,0.80000000,0.30000000,-1.00000000,7,55,55,7899.87023428,3,0.00421948,0.45985974,0.01923152
logarithmic,0.80000000,0.30000000,-1.00000000,8,56,56,8378.40875624,6,0.00397848,0.45257976,0.01928266
logarithmic,0.80000000,0.30000000,-1.00000000,9,57,57,7716.48742498,3,0.00431975,0.49737768,0.02103308
logarithmic,0.80000000,0.30000000,1.00000000,0,48,48,6954.85093229,6,0.00479282,0.54692314,0.02314476
logarithmic,0.80000000,0.30000000,1.00000000,1,49,49,7637.38789790,6,0.00436449,0.48762288,0.02022861
logarithmic,0.80000000,0.30000000,1.00000000,2,50,50,8115.01912196,6,0.00410761,0.46389802,0.01921449
logarithmic,0.80000000,0.30000000,1.00000000,3,51,51,7556.46569954,9,0.00441123,0.50690676,0.02099447
logarithmic,0.80000000,0.30000000,1.00000000,4,52,52,6928.92143116,3,0.00481075,0.54886163,0.02322367
logarithmic,0.80000000,0.30000000,1.00000000,5,53,53,7521.14560496,6,0.00443195,0.50262996,0.02087484
logarithmic,0.80000000,0.30000000,1.00000000,6,54,54,7494.60579549,6,0.00444764,0.50579462,0.02113554
logarithmic,0.80000000,0.30000000,1.00000000,7,55,55,7899.87023428,3,0.00421948,0.47385599,0.01968263
logarithmic,0.80000000,0.30000000,1.00000000,8,56,56,8262.25592702,6,0.00403441,0.44876682,0.01895567
logarithmic,0.80000000,0.30000000,1.00000000,9,57,57,7771.10493478,6,0.00428939,0.48826397,0.02032809
logarithmic,0.80000000,0.30000000,3.00000000,0,48,48,6954.85093229,3,0.00479282,0.55912137,0.02318530
logarithmic,0.80000000,0.30000000,3.00000000,1,49,49,7611.05045656,6,0.00437960,0.50695617,0.02107422
logarithmic,0.80000000,0.30000000,3.00000000,2,50,50,7957.49297128,6,0.00418892,0.48188006,0.02031252
logarithmic,0.80000000,0.30000000,3.00000000,3,51,51,7556.46569954,9,0.00441123,0.50741813,0.02100996
logarithmic,0.80000000,0.30000000,3.00000000,4,52,52,6832.91087139,3,0.00487835,0.54487589,0.02288550
logarithmic,0.80000000,0.30000000,3.00000000,5,53,53,7436.70258516,3,0.00448227,0.51565992,0.02179229
logarithmic,0.80000000,0.30000000,3.00000000,6,54,54,7512.07078818,6,0.00443730,0.51061319,0.02111572
logarithmic,0.80000000,0.30000000,3.00000000,7,55,55,7901.34220345,3,0.00421869,0.48025442,0.01985391
logarithmic,0.80000000,0.30000000,3.00000000,8,56,56,8262.25592702,6,0.00403441,0.45405925,0.01913193
logarithmic,0.80000000,0.30000000,3.00000000,9,57,57,7716.48742498,3,0.00431975,0.49770526,0.02091015
logarithmic,0.80000000,0.30000000,9.00000000,0,48,48,6954.85093229,6,0.00479282,0.55610211,0.02311286
logarithmic,0.80000000,0.30000000,9.00000000,1,49,49,7637.38789790,6,0.00436449,0.50810361,0.02130240
logarithmic,0.80000000,0.30000000,9.00000000,2,50,50,7898.79119371,0,0.00422006,0.49164513,0.02073566
logarithmic,0.80000000,0.30000000,9.00000000,3,51,51,7556.46569954,9,0.00441123,0.52160992,0.02189583
logarithmic,0.80000000,0.30000000,9.00000000,4,52,52,6866.31642090,6,0.00485462,0.57032253,0.02394111
logarithmic,0.80000000,0.30000000,9.00000000,5,53,53,7436.14890783,3,0.00448261,0.51984126,0.02182970
logarithmic,0.80000000,0.30000000,9.00000000,6,54,54,7777.53886807,3,0.00428585,0.49188041,0.02041472
logarithmic,0.80000000,0.30000000,9.00000000,7,55,55,7813.80552277,6,0.00426595,0.48916797,0.02019352
logarithmic,0.80000000,0.30000000,9.00000000,8,56,56,8252.29742834,3,0.00403928,0.47027216,0.01982157
logarithmic,0.80000000,0.30000000,9.00000000,9,57,57,7697.70711283,6,0.00433029,0.50230393,0.02095590
linear,0.70000000,0.30000000,1.00000000,0,48,48,6954.85093229,9,0.00479282,0.55946634,0.02355082
linear,0.70000000,0.30000000,1.00000000,1,49,49,7637.38789790,0,0.00436449,0.49644816,0.02104527
linear,0.70000000,0.30000000,1.00000000,2,50,50,7901.18880935,6,0.00421877,0.46776323,0.01943556
linear,0.70000000,0.30000000,1.00000000,3,51,51,7556.46569954,3,0.00441123,0.49983191,0.02097577
linear,0.70000000,0.30000000,1.00000000,4,52,52,6926.17394638,0,0.00481266,0.54740511,0.02319757
linear,0.70000000,0.30000000,1.00000000,5,53,53,7436.14890783,0,0.00448261,0.50987126,0.02161035
linear,0.70000000,0.30000000,1.00000000,6,54,54,7494.60579549,9,0.00444764,0.49129315,0.02048585
linear,0.70000000,0.30000000,1.00000000,7,55,55,7787.24265640,6,0.00428051,0.48688781,0.02063358
linear,0.70000000,0.30000000,1.00000000,8,56,56,8231.71611541,3,0.00404938,0.44560506,0.01865900
linear,0.70000000,0.30000000,1.00000000,9,57,57,7697.70711283,3,0.00433029,0.49244770,0.02084695
exponential,0.70000000,0.30000000,-4.00000000,0,48,48,6954.85093229,9,0.00479282,0.56907728,0.02342601
exponential,0.70000000,0.30000000,-4.00000000,1,49,49,7637.38789790,0,0.00436449,0.52062053,0.02186420
exponential,0.70000000,0.30000000,-4.00000000,2,50,50,8080.87174691,3,0.00412497,0.48394866,0.01999328
exponential,0.70000000,0.30000000,-4.00000000,3,51,51,7556.46569954,6,0.00441123,0.52314607,0.02150337
exponential,0.70000000,0.30000000,-4.00000000,4,52,52,6966.28896567,6,0.00478495,0.56703470,0.02324080
exponential,0.70000000,0.30000000,-4.00000000,5,53,53,7513.03074192,9,0.00443674,0.53042525,0.02251246
exponential,0.70000000,0.30000000,-4.00000000,6,54,54,7512.07078818,9,0.00443730,0.52667337,0.02179059
exponential,0.70000000,0.30000000,-4.00000000,7,55,55,7881.89323251,9,0.00422910,0.49942567,0.02050559
exponential,0.70000000,0.30000000,-4.00000000,8,56,56,8292.73295565,0,0.00401958,0.47941784,0.02012297
exponential,0.70000000,0.30000000,-4.00000000,9,57,57,7716.48742498,6,0.00431975,0.51518711,0.02135929
exponential,0.70000000,0.30000000,-2.00000000,0,48,48,6954.85093229,6,0.00479282,0.56278563,0.02349702
exponential,0.70000000,0.30000000,-2.00000000,1,49,49,7611.05045656,3,0.00437960,0.50758752,0.02115546
exponential,0.70000000,0.30000000,-2.00000000,2,50,50,7917.30716492,3,0.00421019,0.49387949,0.02048378
exponential,0.70000000,0.30000000,-2.00000000,3,51,51,7556.46569954,3,0.00441123,0.51740052,0.02152849
exponential,0.70000000,0.30000000,-2.00000000,4,52,52,6915.62465425,3,0.00482000,0.55727518,0.02308525
exponential,0.70000000,0.30000000,-2.00000000,5,53,53,7513.03074192,6,0.00443674,0.51970426,0.02146167
exponential,0.70000000,0.30000000,-2.00000000,6,54,54,7494.60579549,6,0.00444764,0.50365170,0.02101797
exponential,0.70000000,0.30000000,-2.00000000,7,55,55,7782.79672705,9,0.00428295,0.49926273,0.02065996
exponential,0.70000000,0.30000000,-2.00000000,8,56,56,8379.93170858,9,0.00397776,0.46522400,0.01926713
exponential,0.70000000,0.30000000,-2.00000000,9,57,57,7716.48742498,6,0.00431975,0.50202691,0.02066427
exponential,0.70000000,0.30000000,-1.00000000,0,48,48,6954.85093229,3,0.00479282,0.56088415,0.02324637
exponential,0.70000000,0.30000000,-1.00000000,1,49,49,7611.05045656,9,0.00437960,0.50327510,0.02114218
exponential,0.70000000,0.30000000,-1.00000000,2,50,50,7918.74443912,6,0.00420942,0.48679937,0.02031433
exponential,0.70000000,0.30000000,-1.00000000,3,51,51,7556.46569954,6,0.00441123,0.51471766,0.02144274
exponential,0.70000000,0.30000000,-1.00000000,4,52,52,6855.78566400,9,0.00486207,0.56221386,0.02359174
exponential,0.70000000,0.30000000,-1.00000000,5,53,53,7591.24957371,3,0.00439102,0.50877801,0.02145315
exponential,0.70000000,0.30000000,-1.00000000,6,54,54,7494.60579549,6,0.00444764,0.50852225,0.02106114
exponential,0.70000000,0.30000000,-1.00000000,7,55,55,7920.57970645,3,0.00420845,0.48886681,0.02027201
exponential,0.70000000,0.30000000,-1.00000000,8,56,56,8211.67068217,3,0.00405926,0.47045382,0.01985964
exponential,0.70000000,0.30000000,-1.00000000,9,57,57,7693.90888113,3,0.00433243,0.50213579,0.02120342
exponential,0.70000000,0.30000000,1.00000000,0,48,48,6954.85093229,6,0.00479282,0.52931812,0.02207894
exponential,0.70000000,0.30000000,1.00000000,1,49,49,7611.05045656,9,0.00437960,0.49783385,0.02071301
exponential,0.70000000,0.30000000,1.00000000,2,50,50,7910.53775734,6,0.00421379,0.47040085,0.01953023
exponential,0.70000000,0.30000000,1.00000000,3,51,51,7556.46569954,9,0.00441123,0.49563397,0.02060995
exponential,0.70000000,0.30000000,1.00000000,4,52,52,6844.41776529,3,0.00487015,0.54123741,0.02303824
exponential,0.70000000,0.30000000,1.00000000,5,53,53,7436.14890783,3,0.00448261,0.49862493,0.02122772
exponential,0.70000000,0.30000000,1.00000000,6,54,54,7494.60579549,6,0.00444764,0.49627369,0.02064568
exponential,0.70000000,0.30000000,1.00000000,7,55,55,7802.24569799,3,0.00427227,0.46964913,0.01960162
exponential,0.70000000,0.30000000,1.00000000,8,56,56,8395.36305597,3,0.00397045,0.43471143,0.01830971
exponential,0.70000000,0.30000000,1.00000000,9,57,57,7693.90888113,0,0.00433243,0.48190804,0.02051592
exponential,0.70000000,0.30000000,2.00000000,0,48,48,6954.85093229,3,0.00479282,0.50998453,0.02139555
exponential,0.70000000,0.30000000,2.00000000,1,49,49,7685.00731806,6,0.00433745,0.47092541,0.02012454
exponential,0.70000000,0.30000000,2.00000000,2,50,50,7921.89439728,6,0.00420775,0.45148442,0.01889093
exponential,0.70000000,0.30000000,2.00000000,3,51,51,7556.46569954,9,0.00441123,0.47953958,0.02010570
exponential,0.70000000,0.30000000,2.00000000,4,52,52,6832.91087139,6,0.00487835,0.51701807,0.02203522
exponential,0.70000000,0.30000000,2.00000000,5,53,53,7436.14890783,3,0.00448261,0.51238591,0.02194661
exponential,0.70000000,0.30000000,2.00000000,6,54,54,7512.07078818,9,0.00443730,0.46955066,0.02007040
exponential,0.70000000,0.30000000,2.00000000,7,55,55,7817.50006449,9,0.00426394,0.47317974,0.01975888
exponential,0.70000000,0.30000000,2.00000000,8,56,56,8369.66057895,3,0.00398264,0.42954116,0.01829459
exponential,0.70000000,0.30000000,2.00000000,9,57,57,7693.90888113,0,0.00433243,0.47055938,0.02013315
exponential,0.70000000,0.30000000,4.00000000,0,48,48,6954.85093229,6,0.00479282,0.49708515,0.02142448
exponential,0.70000000,0.30000000,4.00000000,1,49,49,7623.18216489,6,0.00437263,0.45376422,0.01960513
exponential,0.70000000,0.30000000,4.00000000,2,50,50,8108.48621491,3,0.00411092,0.42660793,0.01843172
exponential,0.70000000,0.30000000,4.00000000,3,51,51,7556.46569954,9,0.00441123,0.45926653,0.01945885
exponential,0.70000000,0.30000000,4.00000000,4,52,52,6832.91087139,6,0.00487835,0.49499295,0.02133496
exponential,0.70000000,0.30000000,4.00000000,5,53,53,7436.14890783,3,0.00448261,0.46518174,0.02009950
exponential,0.70000000,0.30000000,4.00000000,6,54,54,7494.60579549,9,0.00444764,0.44805007,0.01909724
exponential,0.70000000,0.30000000,4.00000000,7,55,55,7870.23312230,3,0.00423537,0.43952375,0.01898801
exponential,0.70000000,0.30000000,4.00000000,8,56,56,8211.67068217,0,0.00405926,0.42098742,0.01818507
exponential,0.70000000,0.30000000,4.00000000,9,57,57,7685.45940891,9,0.00433719,0.48410167,0.02056674
logarithmic,0.70000000,0.30000000,-9.00000000,0,48,48,6954.85093229,3,0.00479282,0.49383939,0.02086096
logarithmic,0.70000000,0.30000000,-9.00000000,1,49,49,7628.80092000,6,0.00436941,0.46027631,0.01980639
logarithmic,0.70000000,0.30000000,-9.00000000,2,50,50,7908.29160051,3,0.00421499,0.44383253,0.01911338
logarithmic,0.70000000,0.30000000,-9.00000000,3,51,51,7556.46569954,9,0.00441123,0.46612179,0.01967596
logarithmic,0.70000000,0.30000000,-9.00000000,4,52,52,6832.91087139,6,0.00487835,0.50141645,0.02153392
logarithmic,0.70000000,0.30000000,-9.00000000,5,53,53,7633.91095390,3,0.00436648,0.45429812,0.01914270
logarithmic,0.70000000,0.30000000,-9.00000000,6,54,54,7494.60579549,6,0.00444764,0.46755086,0.01966762
logarithmic,0.70000000,0.30000000,-9.00000000,7,55,55,7817.50006449,9,0.00426394,0.46085150,0.01933470
logarithmic,0.70000000,0.30000000,-9.00000000,8,56,56,8369.66057895,3,0.00398264,0.41734877,0.01791437
logarithmic,0.70000000,0.30000000,-9.00000000,9,57,57,7693.90888113,0,0.00433243,0.45646094,0.01965649
logarithmic,0.70000000,0.30000000,-3.00000000,0,48,48,6954.85093229,6,0.00479282,0.53853615,0.02246679
logarithmic,0.70000000,0.30000000,-3.00000000,1,49,49,7611.05045656,9,0.00437960,0.48244603,0.02018741
logarithmic,0.70000000,0.30000000,-3.00000000,2,50,50,7910.53775734,6,0.00421379,0.45444945,0.01898323
logarithmic,0.70000000,0.30000000,-3.00000000,3,51,51,7556.46569954,9,0.00441123,0.48802082,0.02034989
logarithmic,0.70000000,0.30000000,-3.00000000,4,52,52,6832.91087139,6,0.00487835,0.51759232,0.02202203
logarithmic,0.70000000,0.30000000,-3.00000000,5,53,53,7436.14890783,3,0.00448261,0.49038144,0.02094845
logarithmic,0.70000000,0.30000000,-3.00000000,6,54,54,7494.60579549,6,0.00444764,0.47862767,0.02004518
logarithmic,0.70000000,0.30000000,-3.00000000,7,55,55,7802.24569799,3,0.00427227,0.46173330,0.01934602
logarithmic,0.70000000,0.30000000,-3.00000000,8,56,56,8369.66057895,3,0.00398264,0.43263907,0.01839276
logarithmic,0.70000000,0.30000000,-3.00000000,9,57,57,7693.90888113,0,0.00433243,0.47394366,0.02024723
logarithmic,0.70000000,0.30000000,-1.00000000,0,48,48,6954.85093229,3,0.00479282,0.52164227,0.02178324
logarithmic,0.70000000,0.30000000,-1.00000000,1,49,49,7611.05045656,9,0.00437960,0.49980007,0.02077985
logarithmic,0.70000000,0.30000000,-1.00000000,2,50,50,7883.67444908,6,0.00422815,0.47117967,0.01973803
logarithmic,0.70000000,0.30000000,-1.00000000,3,51,51,7556.46569954,9,0.00441123,0.51134046,0.02156622
logarithmic,0.70000000,0.30000000,-1.00000000,4,52,52,6844.41776529,3,0.00487015,0.54406871,0.02313181
logarithmic,0.70000000,0.30000000,-1.00000000,5,53,53,7469.13622961,6,0.00446281,0.49881325,0.02115533
logarithmic,0.70000000,0.30000000,-1.00000000,6,54,54,7494.60579549,6,0.00444764,0.48574668,0.02047466
logarithmic,0.70000000,0.30000000,-1.00000000,7,55,55,7953.30705060,3,0.00419113,0.46737186,0.01969014
logarithmic,0.70000000,0.30000000,-1.00000000,8,56,56,8333.89222190,3,0.00399973,0.44141392,0.01871288
logarithmic,0.70000000,0.30000000,-1.00000000,9,57,57,7728.73512890,6,0.00431291,0.48410666,0.02015869
logarithmic,0.70000000,0.30000000,1.00000000,0,48,48,6954.85093229,3,0.00479282,0.55067865,0.02321442
logarithmic,0.70000000,0.30000000,1.00000000,1,49,49,7611.05045656,9,0.00437960,0.49998312,0.02104502
logarithmic,0.70000000,0.30000000,1.00000000,2,50,50,7925.57782831,6,0.00420579,0.46402669,0.01950668
logarithmic,0.70000000,0.30000000,1.00000000,3,51,51,7556.46569954,6,0.00441123,0.51242173,0.02136517
logarithmic,0.70000000,0.30000000,1.00000000,4,52,52,6912.56983860,3,0.00482213,0.54431450,0.02282134
logarithmic,0.70000000,0.30000000,1.00000000,5,53,53,7711.19046247,6,0.00432272,0.49536514,0.02052143
logarithmic,0.70000000,0.30000000,1.00000000,6,54,54,7494.60579549,6,0.00444764,0.49713213,0.02075941
logarithmic,0.70000000,0.30000000,1.00000000,7,55,55,7920.57970645,3,0.00420845,0.48667437,0.02019595
logarithmic,0.70000000,0.30000000,1.00000000,8,56,56,8380.98003793,3,0.00397726,0.45740090,0.01922506
logarithmic,0.70000000,0.30000000,1.00000000,9,57,57,7685.45940891,9,0.00433719,0.50772142,0.02134516
logarithmic,0.70000000,0.30000000,3.00000000,0,48,48,6954.85093229,3,0.00479282,0.56181664,0.02327857
logarithmic,0.70000000,0.30000000,3.00000000,1,49,49,7694.89487859,6,0.00433188,0.49640843,0.02079418
logarithmic,0.70000000,0.30000000,3.00000000,2,50,50,7923.18021268,6,0.00420706,0.47983877,0.01983470
logarithmic,0.70000000,0.30000000,3.00000000,3,51,51,7556.46569954,3,0.00441123,0.50971790,0.02114500
logarithmic,0.70000000,0.30000000,3.00000000,4,52,52,6964.35352688,0,0.00478628,0.55614996,0.02346757
logarithmic,0.70000000,0.30000000,3.00000000,5,53,53,7436.70258516,3,0.00448227,0.52083096,0.02198238
logarithmic,0.70000000,0.30000000,3.00000000,6,54,54,7512.07078818,3,0.00443730,0.50506875,0.02096709
logarithmic,0.70000000,0.30000000,3.00000000,7,55,55,7785.14966714,0,0.00428166,0.49646865,0.02095619
logarithmic,0.70000000,0.30000000,3.00000000,8,56,56,8260.95552056,3,0.00403505,0.45484475,0.01906147
logarithmic,0.70000000,0.30000000,3.00000000,9,57,57,7685.45940891,0,0.00433719,0.50397199,0.02126839
logarithmic,0.70000000,0.30000000,9.00000000,0,48,48,6954.85093229,6,0.00479282,0.55966131,0.02339487
logarithmic,0.70000000,0.30000000,9.00000000,1,49,49,7611.05045656,3,0.00437960,0.51162191,0.02141691
logarithmic,0.70000000,0.30000000,9.00000000,2,50,50,7923.26499189,3,0.00420702,0.49121974,0.02063083
logarithmic,0.70000000,0.30000000,9.00000000,3,51,51,7556.46569954,3,0.00441123,0.51680022,0.02151529
logarithmic,0.70000000,0.30000000,9.00000000,4,52,52,6914.29062409,3,0.00482093,0.57162144,0.02403383
logarithmic,0.70000000,0.30000000,9.00000000,5,53,53,7522.62303866,3,0.00443108,0.51796820,0.02176865
logarithmic,0.70000000,0.30000000,9.00000000,6,54,54,7494.60579549,3,0.00444764,0.52074779,0.02192627
logarithmic,0.70000000,0.30000000,9.00000000,7,55,55,7890.79353167,6,0.00422433,0.48233658,0.01991702
logarithmic,0.70000000,0.30000000,9.00000000,8,56,56,8235.87277194,3,0.00404733,0.46085643,0.01917869
logarithmic,0.70000000,0.30000000,9.00000000,9,57,57,7728.43303975,6,0.00431308,0.50372572,0.02090939
linear,0.70000000,0.40000000,1.00000000,0,48,48,6954.85093229,3,0.00359461,0.41630835,0.01722419
linear,0.70000000,0.40000000,1.00000000,1,49,49,7611.05045656,9,0.00328470,0.38607200,0.01593208
linear,0.70000000,0.40000000,1.00000000,2,50,50,7883.67444908,3,0.00317111,0.37212593,0.01560080
linear,0.70000000,0.40000000,1.00000000,3,51,51,7556.46569954,9,0.00330842,0.39283027,0.01650336
linear,0.70000000,0.40000000,1.00000000,4,52,52,6850.01654737,6,0.00364963,0.42578384,0.01782213
linear,0.70000000,0.40000000,1.00000000,5,53,53,7436.70258516,3,0.00336170,0.39492371,0.01663045
linear,0.70000000,0.40000000,1.00000000,6,54,54,7494.60579549,6,0.00333573,0.39079012,0.01634565
linear,0.70000000,0.40000000,1.00000000,7,55,55,7972.16597365,3,0.00313591,0.36730422,0.01539539
linear,0.70000000,0.40000000,1.00000000,8,56,56,8372.75171246,3,0.00298588,0.35454594,0.01511080
linear,0.70000000,0.40000000,1.00000000,9,57,57,7685.45940891,3,0.00325290,0.38146405,0.01595808
exponential,0.70000000,0.40000000,-4.00000000,0,48,48,6954.85093229,9,0.00359461,0.42896107,0.01777645
exponential,0.70000000,0.40000000,-4.00000000,1,49,49,7694.89487859,6,0.00324891,0.38437168,0.01606600
exponential,0.70000000,0.40000000,-4.00000000,2,50,50,7909.65178532,3,0.00316070,0.37666835,0.01576595
exponential,0.70000000,0.40000000,-4.00000000,3,51,51,7556.46569954,9,0.00330842,0.39592974,0.01634233
exponential,0.70000000,0.40000000,-4.00000000,4,52,52,6866.31642090,0,0.00364096,0.43602436,0.01829388
exponential,0.70000000,0.40000000,-4.00000000,5,53,53,7513.03074192,9,0.00332755,0.39888739,0.01695803
exponential,0.70000000,0.40000000,-4.00000000,6,54,54,7494.60579549,6,0.00333573,0.39808021,0.01656605
exponential,0.70000000,0.40000000,-4.00000000,7,55,55,7890.79353167,6,0.00316825,0.36905051,0.01521230
exponential,0.70000000,0.40000000,-4.00000000,8,56,56,8211.67068217,6,0.00304445,0.34966808,0.01451304
exponential,0.70000000,0.40000000,-4.00000000,9,57,57,7697.70711283,3,0.00324772,0.38719257,0.01611978
exponential,0.70000000,0.40000000,-2.00000000,0,48,48,6954.85093229,3,0.00359461,0.42804380,0.01797864
exponential,0.70000000,0.40000000,-2.00000000,1,49,49,7611.05045656,9,0.00328470,0.38817179,0.01628746
exponential,0.70000000,0.40000000,-2.00000000,2,50,50,7923.18021268,9,0.00315530,0.36572146,0.01509219
exponential,0.70000000,0.40000000,-2.00000000,3,51,51,7556.46569954,6,0.00330842,0.39228564,0.01624872
exponential,0.70000000,0.40000000,-2.00000000,4,52,52,6855.78566400,9,0.00364656,0.43284585,0.01812565
exponential,0.70000000,0.40000000,-2.00000000,5,53,53,7488.68989982,3,0.00333837,0.39701528,0.01666914
exponential,0.70000000,0.40000000,-2.00000000,6,54,54,7494.60579549,6,0.00333573,0.39446436,0.01644953
exponential,0.70000000,0.40000000,-2.00000000,7,55,55,7782.79672705,0,0.00321221,0.38235618,0.01605719
exponential,0.70000000,0.40000000,-2.00000000,8,56,56,8231.71611541,0,0.00303703,0.36164879,0.01518837
exponential,0.70000000,0.40000000,-2.00000000,9,57,57,7697.70711283,3,0.00324772,0.38635564,0.01610382
exponential,0.70000000,0.40000000,-1.00000000,0,48,48,6954.85093229,6,0.00359461,0.42538656,0.01784217
exponential,0.70000000,0.40000000,-1.00000000,1,49,49,7611.05045656,9,0.00328470,0.38613129,0.01621906
exponential,0.70000000,0.40000000,-1.00000000,2,50,50,7925.57782831,6,0.00315434,0.35424934,0.01492160
exponential,0.70000000,0.40000000,-1.00000000,3,51,51,7556.46569954,6,0.00330842,0.39096452,0.01625057
exponential,0.70000000,0.40000000,-1.00000000,4,52,52,6926.17394638,6,0.00360950,0.41960250,0.01727842
exponential,0.70000000,0.40000000,-1.00000000,5,53,53,7436.14890783,0,0.00336196,0.39813707,0.01674333
exponential,0.70000000,0.40000000,-1.00000000,6,54,54,7494.60579549,6,0.00333573,0.37996035,0.01590139
exponential,0.70000000,0.40000000,-1.00000000,7,55,55,7890.39569371,0,0.00316841,0.37521712,0.01577850
exponential,0.70000000,0.40000000,-1.00000000,8,56,56,8379.93170858,3,0.00298332,0.35265649,0.01478452
exponential,0.70000000,0.40000000,-1.00000000,9,57,57,7716.48742498,3,0.00323982,0.37931340,0.01562782
exponential,0.70000000,0.40000000,1.00000000,0,48,48,6954.85093229,6,0.00359461,0.41781606,0.01759770
exponential,0.70000000,0.40000000,1.00000000,1,49,49,7637.38789790,6,0.00327337,0.38059391,0.01605223
exponential,0.70000000,0.40000000,1.00000000,2,50,50,7918.74443912,6,0.00315707,0.35437598,0.01481178
exponential,0.70000000,0.40000000,1.00000000,3,51,51,7556.46569954,6,0.00330842,0.38470926,0.01597333
exponential,0.70000000,0.40000000,1.00000000,4,52,52,6832.91087139,6,0.00365876,0.42106231,0.01771213
exponential,0.70000000,0.40000000,1.00000000,5,53,53,7633.91095390,3,0.00327486,0.37755118,0.01562401
exponential,0.70000000,0.40000000,1.00000000,6,54,54,7494.60579549,6,0.00333573,0.38051995,0.01575771
exponential,0.70000000,0.40000000,1.00000000,7,55,55,7817.50006449,9,0.00319795,0.37286453,0.01540009
exponential,0.70000000,0.40000000,1.00000000,8,56,56,8262.25592702,3,0.00302581,0.35103468,0.01477233
exponential,0.70000000,0.40000000,1.00000000,9,57,57,7693.90888113,0,0.00324932,0.37792260,0.01594900
exponential,0.70000000,0.40000000,2.00000000,0,48,48,6954.85093229,6,0.00359461,0.41332668,0.01745194
exponential,0.70000000,0.40000000,2.00000000,1,49,49,7623.18216489,6,0.00327947,0.37713930,0.01595202
exponential,0.70000000,0.40000000,2.00000000,2,50,50,7940.44062050,9,0.00314844,0.35710216,0.01482881
exponential,0.70000000,0.40000000,2.00000000,3,51,51,7556.46569954,9,0.00330842,0.38066961,0.01585956
exponential,0.70000000,0.40000000,2.00000000,4,52,52,6832.91087139,6,0.00365876,0.41220312,0.01743245
exponential,0.70000000,0.40000000,2.00000000,5,53,53,7436.14890783,6,0.00336196,0.38565127,0.01626828
exponential,0.70000000,0.40000000,2.00000000,6,54,54,7494.60579549,6,0.00333573,0.37657078,0.01562456
exponential,0.70000000,0.40000000,2.00000000,7,55,55,7802.24569799,3,0.00320421,0.36775686,0.01553452
exponential,0.70000000,0.40000000,2.00000000,8,56,56,8311.09022511,3,0.00300803,0.34275662,0.01448084
exponential,0.70000000,0.40000000,2.00000000,9,57,57,7731.36972863,0,0.00323358,0.37096538,0.01568228
exponential,0.70000000,0.40000000,4.00000000,0,48,48,6954.85093229,6,0.00359461,0.40379281,0.01713790
exponential,0.70000000,0.40000000,4.00000000,1,49,49,7623.18216489,6,0.00327947,0.36854481,0.01566112
exponential,0.70000000,0.40000000,4.00000000,2,50,50,8111.47324134,6,0.00308205,0.34154074,0.01444945
exponential,0.70000000,0.40000000,4.00000000,3,51,51,7556.46569954,9,0.00330842,0.37083142,0.01554719
exponential,0.70000000,0.40000000,4.00000000,4,52,52,6832.91087139,6,0.00365876,0.40764145,0.01729654
exponential,0.70000000,0.40000000,4.00000000,5,53,53,7436.70258516,6,0.00336170,0.37733685,0.01602084
exponential,0.70000000,0.40000000,4.00000000,6,54,54,7494.60579549,9,0.00333573,0.36650972,0.01542319
exponential,0.70000000,0.40000000,4.00000000,7,55,55,8020.62619690,6,0.00311696,0.34557670,0.01440634
exponential,0.70000000,0.40000000,4.00000000,8,56,56,8263.90097069,3,0.00302521,0.32810910,0.01376138
exponential,0.70000000,0.40000000,4.00000000,9,57,57,7685.45940891,9,0.00325290,0.37767637,0.01593834
logarithmic,0.70000000,0.40000000,-9.00000000,0,48,48,6954.85093229,6,0.00359461,0.40671411,0.01723310
logarithmic,0.70000000,0.40000000,-9.00000000,1,49,49,7611.05045656,6,0.00328470,0.37138399,0.01567384
logarithmic,0.70000000,0.40000000,-9.00000000,2,50,50,7940.44062050,9,0.00314844,0.35218867,0.01465761
logarithmic,0.70000000,0.40000000,-9.00000000,3,51,51,7556.46569954,9,0.00330842,0.37338964,0.01562662
logarithmic,0.70000000,0.40000000,-9.00000000,4,52,52,6832.91087139,6,0.00365876,0.41310623,0.01747180
logarithmic,0.70000000,0.40000000,-9.00000000,5,53,53,7485.86948355,3,0.00333963,0.37802911,0.01603981
logarithmic,0.70000000,0.40000000,-9.00000000,6,54,54,7512.07078818,9,0.00332798,0.37658572,0.01595203
logarithmic,0.70000000,0.40000000,-9.00000000,7,55,55,7802.24569799,3,0.00320421,0.36200172,0.01534382
logarithmic,0.70000000,0.40000000,-9.00000000,8,56,56,8262.25592702,3,0.00302581,0.34154067,0.01446189
logarithmic,0.70000000,0.40000000,-9.00000000,9,57,57,7716.48742498,6,0.00323982,0.36656765,0.01552072
logarithmic,0.70000000,0.40000000,-3.00000000,0,48,48,6954.85093229,6,0.00359461,0.41448551,0.01748877
logarithmic,0.70000000,0.40000000,-3.00000000,1,49,49,7616.66921167,6,0.00328227,0.37866074,0.01599793
logarithmic,0.70000000,0.40000000,-3.00000000,2,50,50,7924.14055411,6,0.00315492,0.36343510,0.01534213
logarithmic,0.70000000,0.40000000,-3.00000000,3,51,51,7556.46569954,9,0.00330842,0.38188369,0.01589769
logarithmic,0.70000000,0.40000000,-3.00000000,4,52,52,6832.91087139,6,0.00365876,0.41355292,0.01747459
logarithmic,0.70000000,0.40000000,-3.00000000,5,53,53,7618.96877677,3,0.00328128,0.37612458,0.01558586
logarithmic,0.70000000,0.40000000,-3.00000000,6,54,54,7494.60579549,6,0.00333573,0.37765227,0.01566079
logarithmic,0.70000000,0.40000000,-3.00000000,7,55,55,7817.50006449,9,0.00319795,0.37050219,0.01531844
logarithmic,0.70000000,0.40000000,-3.00000000,8,56,56,8354.45784538,3,0.00299241,0.34506460,0.01454757
logarithmic,0.70000000,0.40000000,-3.00000000,9,57,57,7693.90888113,0,0.00324932,0.37490211,0.01584683
logarithmic,0.70000000,0.40000000,-1.00000000,0,48,48,6954.85093229,6,0.00359461,0.41884725,0.01763113
logarithmic,0.70000000,0.40000000,-1.00000000,1,49,49,7611.05045656,9,0.00328470,0.38388337,0.01585699
logarithmic,0.70000000,0.40000000,-1.00000000,2,50,50,7910.53775734,6,0.00316034,0.36039610,0.01489121
logarithmic,0.70000000,0.40000000,-1.00000000,3,51,51,7556.46569954,9,0.00330842,0.38561162,0.01591554
logarithmic,0.70000000,0.40000000,-1.00000000,4,52,52,6832.91087139,6,0.00365876,0.41553139,0.01750292
logarithmic,0.70000000,0.40000000,-1.00000000,5,53,53,7485.86948355,3,0.00333963,0.38938828,0.01642377
logarithmic,0.70000000,0.40000000,-1.00000000,6,54,54,7494.60579549,6,0.00333573,0.38292106,0.01583985
logarithmic,0.70000000,0.40000000,-1.00000000,7,55,55,7802.24569799,3,0.00320421,0.36661080,0.01525757
logarithmic,0.70000000,0.40000000,-1.00000000,8,56,56,8262.25592702,3,0.00302581,0.35189254,0.01480001
logarithmic,0.70000000,0.40000000,-1.00000000,9,57,57,7693.90888113,0,0.00324932,0.37885685,0.01598058
logarithmic,0.70000000,0.40000000,1.00000000,0,48,48,6954.85093229,9,0.00359461,0.42750619,0.01794822
logarithmic,0.70000000,0.40000000,1.00000000,1,49,49,7611.05045656,6,0.00328470,0.38728108,0.01616871
logarithmic,0.70000000,0.40000000,1.00000000,2,50,50,7898.79119371,3,0.00316504,0.37366406,0.01570519
logarithmic,0.70000000,0.40000000,1.00000000,3,51,51,7556.46569954,3,0.00330842,0.39024427,0.01633716
logarithmic,0.70000000,0.40000000,1.00000000,4,52,52,6926.17394638,0,0.00360950,0.42630142,0.01793531
logarithmic,0.70000000,0.40000000,1.00000000,5,53,53,7436.14890783,0,0.00336196,0.39706763,0.01670716
logarithmic,0.70000000,0.40000000,1.00000000,6,54,54,7494.60579549,9,0.00333573,0.39246634,0.01625715
logarithmic,0.70000000,0.40000000,1.00000000,7,55,55,7802.24569799,6,0.00320421,0.37550818,0.01574478
logarithmic,0.70000000,0.40000000,1.00000000,8,56,56,8231.71611541,3,0.00303703,0.35307594,0.01470948
logarithmic,0.70000000,0.40000000,1.00000000,9,57,57,7685.45940891,3,0.00325290,0.38418845,0.01616570
logarithmic,0.70000000,0.40000000,3.00000000,0,48,48,6954.85093229,0,0.00359461,0.42515365,0.01787545
logarithmic,0.70000000,0.40000000,3.00000000,1,49,49,7611.05045656,9,0.00328470,0.38657398,0.01623736
logarithmic,0.70000000,0.40000000,3.00000000,2,50,50,7925.57782831,6,0.00315434,0.36843364,0.01542411
logarithmic,0.70000000,0.40000000,3.00000000,3,51,51,7556.46569954,3,0.00330842,0.39166756,0.01638180
logarithmic,0.70000000,0.40000000,3.00000000,4,52,52,6855.78566400,9,0.00364656,0.42696471,0.01793295
logarithmic,0.70000000,0.40000000,3.00000000,5,53,53,7444.57291324,3,0.00335815,0.39692927,0.01667188
logarithmic,0.70000000,0.40000000,3.00000000,6,54,54,7494.60579549,6,0.00333573,0.39445802,0.01646212
logarithmic,0.70000000,0.40000000,3.00000000,7,55,55,7782.79672705,0,0.00321221,0.38058670,0.01599723
logarithmic,0.70000000,0.40000000,3.00000000,8,56,56,8231.71611541,3,0.00303703,0.35717789,0.01484583
logarithmic,0.70000000,0.40000000,3.00000000,9,57,57,7685.45940891,0,0.00325290,0.38557321,0.01620906
logarithmic,0.70000000,0.40000000,9.00000000,0,48,48,6954.85093229,6,0.00359461,0.42746792,0.01795823
logarithmic,0.70000000,0.40000000,9.00000000,1,49,49,7694.89487859,6,0.00324891,0.38369269,0.01605271
logarithmic,0.70000000,0.40000000,9.00000000,2,50,50,7925.57782831,6,0.00315434,0.36707573,0.01539526
logarithmic,0.70000000,0.40000000,9.00000000,3,51,51,7556.46569954,6,0.00330842,0.39342066,0.01650065
logarithmic,0.70000000,0.40000000,9.00000000,4,52,52,6864.81336599,3,0.00364176,0.42303629,0.01747325
logarithmic,0.70000000,0.40000000,9.00000000,5,53,53,7454.20492039,3,0.00335381,0.39730265,0.01667746
logarithmic,0.70000000,0.40000000,9.00000000,6,54,54,7494.60579549,6,0.00333573,0.39550265,0.01649009
logarithmic,0.70000000,0.40000000,9.00000000,7,55,55,7782.79672705,3,0.00321221,0.38201195,0.01605268
logarithmic,0.70000000,0.40000000,9.00000000,8,56,56,8211.67068217,6,0.00304445,0.34641295,0.01439740
logarithmic,0.70000000,0.40000000,9.00000000,9,57,57,7696.54348086,6,0.00324821,0.38609722,0.01619004
linear,0.60000000,0.20000000,1.00000000,0,48,48,6954.85093229,3,0.00718923,0.76628631,0.03291394
linear,0.60000000,0.20000000,1.00000000,1,49,49,7682.79413549,9,0.00650805,0.69303631,0.02895455
linear,0.60000000,0.20000000,1.00000000,2,50,50,7951.55948751,6,0.00628807,0.65409652,0.02765703
linear,0.60000000,0.20000000,1.00000000,3,51,51,7556.46569954,6,0.00661685,0.74980207,0.03198191
linear,0.60000000,0.20000000,1.00000000,4,52,52,6832.91087139,6,0.00731753,0.76547878,0.03215155
linear,0.60000000,0.20000000,1.00000000,5,53,53,7513.03074192,6,0.00665510,0.73627303,0.03138995
linear,0.60000000,0.20000000,1.00000000,6,54,54,7507.41944046,6,0.00666008,0.71483887,0.02991973
linear,0.60000000,0.20000000,1.00000000,7,55,55,7802.24569799,3,0.00640841,0.72618735,0.03080546
linear,0.60000000,0.20000000,1.00000000,8,56,56,8211.67068217,6,0.00608889,0.63262836,0.02669081
linear,0.60000000,0.20000000,1.00000000,9,57,57,7697.70711283,3,0.00649544,0.68895991,0.02900145
exponential,0.60000000,0.20000000,-4.00000000,0,48,48,6954.85093229,9,0.00718923,0.85281569,0.03557238
exponential,0.60000000,0.20000000,-4.00000000,1,49,49,7665.12161551,6,0.00652305,0.76454059,0.03145039
exponential,0.60000000,0.20000000,-4.00000000,2,50,50,8109.06948178,0,0.00616594,0.72667459,0.03056865
exponential,0.60000000,0.20000000,-4.00000000,3,51,51,7556.46569954,3,0.00661685,0.77751551,0.03202851
exponential,0.60000000,0.20000000,-4.00000000,4,52,52,6884.21952401,3,0.00726299,0.84838036,0.03490787
exponential,0.60000000,0.20000000,-4.00000000,5,53,53,7436.14890783,3,0.00672391,0.78704979,0.03250104
exponential,0.60000000,0.20000000,-4.00000000,6,54,54,7512.07078818,3,0.00665595,0.77846781,0.03213311
exponential,0.60000000,0.20000000,-4.00000000,7,55,55,7916.59656996,0,0.00631585,0.74353386,0.03127482
exponential,0.60000000,0.20000000,-4.00000000,8,56,56,8292.73295565,3,0.00602938,0.71087778,0.02988373
exponential,0.60000000,0.20000000,-4.00000000,9,57,57,7716.48742498,3,0.00647963,0.76424020,0.03190806
exponential,0.60000000,0.20000000,-2.00000000,0,48,48,6954.85093229,3,0.00718923,0.82004098,0.03410030
exponential,0.60000000,0.20000000,-2.00000000,1,49,49,7611.05045656,9,0.00656940,0.73721817,0.03050131
exponential,0.60000000,0.20000000,-2.00000000,2,50,50,7891.32568951,0,0.00633607,0.72024690,0.03050672
exponential,0.60000000,0.20000000,-2.00000000,3,51,51,7556.46569954,6,0.00661685,0.75554403,0.03148149
exponential,0.60000000,0.20000000,-2.00000000,4,52,52,6855.78566400,3,0.00729311,0.85311133,0.03595855
exponential,0.60000000,0.20000000,-2.00000000,5,53,53,7436.70258516,3,0.00672341,0.76339637,0.03219133
exponential,0.60000000,0.20000000,-2.00000000,6,54,54,7507.41944046,9,0.00666008,0.74033850,0.03073795
exponential,0.60000000,0.20000000,-2.00000000,7,55,55,7782.79672705,3,0.00642443,0.73911438,0.03064991
exponential,0.60000000,0.20000000,-2.00000000,8,56,56,8211.67068217,3,0.00608889,0.69152531,0.02919954
exponential,0.60000000,0.20000000,-2.00000000,9,57,57,7699.54771710,0,0.00649389,0.73993055,0.03132410
exponential,0.60000000,0.20000000,-1.00000000,0,48,48,6954.85093229,9,0.00718923,0.82788105,0.03479537
exponential,0.60000000,0.20000000,-1.00000000,1,49,49,7611.05045656,3,0.00656940,0.72613230,0.03090392
exponential,0.60000000,0.20000000,-1.00000000,2,50,50,7923.18021268,3,0.00631060,0.68320477,0.02879254
exponential,0.60000000,0.20000000,-1.00000000,3,51,51,7556.46569954,6,0.00661685,0.76308153,0.03242709
exponential,0.60000000,0.20000000,-1.00000000,4,52,52,6829.74792001,6,0.00732091,0.79254902,0.03329884
exponential,0.60000000,0.20000000,-1.00000000,5,53,53,7513.03074192,3,0.00665510,0.73384328,0.03115696
exponential,0.60000000,0.20000000,-1.00000000,6,54,54,7494.60579549,3,0.00667146,0.72879829,0.03044602
exponential,0.60000000,0.20000000,-1.00000000,7,55,55,7881.89323251,6,0.00634365,0.70300300,0.02914602
exponential,0.60000000,0.20000000,-1.00000000,8,56,56,8278.46330961,9,0.00603977,0.68265159,0.02880542
exponential,0.60000000,0.20000000,-1.00000000,9,57,57,7743.22828692,3,0.00645726,0.74464365,0.03147290
exponential,0.60000000,0.20000000,1.00000000,0,48,48,6954.85093229,3,0.00718923,0.73650335,0.03158567
exponential,0.60000000,0.20000000,1.00000000,1,49,49,7611.05045656,3,0.00656940,0.67122672,0.02906174
exponential,0.60000000,0.20000000,1.00000000,2,50,50,8033.46874520,9,0.00622396,0.64105272,0.02697879
exponential,0.60000000,0.20000000,1.00000000,3,51,51,7556.46569954,9,0.00661685,0.68252580,0.02879929
exponential,0.60000000,0.20000000,1.00000000,4,52,52,6966.28896567,6,0.00717742,0.74005031,0.03111137
exponential,0.60000000,0.20000000,1.00000000,5,53,53,7436.14890783,6,0.00672391,0.68953532,0.02912162
exponential,0.60000000,0.20000000,1.00000000,6,54,54,7494.60579549,3,0.00667146,0.74165395,0.03167397
exponential,0.60000000,0.20000000,1.00000000,7,55,55,7845.17809053,9,0.00637334,0.67882560,0.02862523
exponential,0.60000000,0.20000000,1.00000000,8,56,56,8231.71611541,3,0.00607407,0.62063522,0.02681455
exponential,0.60000000,0.20000000,1.00000000,9,57,57,7716.48742498,3,0.00647963,0.66309581,0.02871700
exponential,0.60000000,0.20000000,2.00000000,0,48,48,6954.85093229,3,0.00718923,0.75326788,0.03194886
exponential,0.60000000,0.20000000,2.00000000,1,49,49,7611.05045656,3,0.00656940,0.64544220,0.02799156
exponential,0.60000000,0.20000000,2.00000000,2,50,50,7892.90545391,3,0.00633480,0.62177253,0.02697188
exponential,0.60000000,0.20000000,2.00000000,3,51,51,7556.46569954,6,0.00661685,0.65002935,0.02819922
exponential,0.60000000,0.20000000,2.00000000,4,52,52,6855.78566400,3,0.00729311,0.72721355,0.03084173
exponential,0.60000000,0.20000000,2.00000000,5,53,53,7521.14560496,3,0.00664792,0.65121930,0.02835670
exponential,0.60000000,0.20000000,2.00000000,6,54,54,7512.07078818,6,0.00665595,0.65725519,0.02816219
exponential,0.60000000,0.20000000,2.00000000,7,55,55,7782.79672705,9,0.00642443,0.67009162,0.02836601
exponential,0.60000000,0.20000000,2.00000000,8,56,56,8289.75287447,3,0.00603154,0.58823588,0.02526538
exponential,0.60000000,0.20000000,2.00000000,9,57,57,7693.90888113,3,0.00649865,0.63817495,0.02738493
exponential,0.60000000,0.20000000,4.00000000,0,48,48,6954.85093229,6,0.00718923,0.68491663,0.02934063
exponential,0.60000000,0.20000000,4.00000000,1,49,49,7611.05045656,9,0.00656940,0.69333697,0.02979846
exponential,0.60000000,0.20000000,4.00000000,2,50,50,7886.07206472,6,0.00634029,0.57070016,0.02480285
exponential,0.60000000,0.20000000,4.00000000,3,51,51,7556.46569954,9,0.00661685,0.61735562,0.02657449
exponential,0.60000000,0.20000000,4.00000000,4,52,52,6832.91087139,3,0.00731753,0.71448450,0.03065226
exponential,0.60000000,0.20000000,4.00000000,5,53,53,7662.78907451,3,0.00652504,0.59182780,0.02619605
exponential,0.60000000,0.20000000,4.00000000,6,54,54,7494.60579549,3,0.00667146,0.59340459,0.02590827
exponential,0.60000000,0.20000000,4.00000000,7,55,55,7802.24569799,6,0.00640841,0.60422735,0.02593528
exponential,0.60000000,0.20000000,4.00000000,8,56,56,8280.01477268,3,0.00603864,0.53990822,0.02381152
exponential,0.60000000,0.20000000,4.00000000,9,57,57,7719.98356753,6,0.00647670,0.57773811,0.02538317
logarithmic,0.60000000,0.20000000,-9.00000000,0,48,48,6954.85093229,6,0.00718923,0.68764344,0.02941813
logarithmic,0.60000000,0.20000000,-9.00000000,1,49,49,7667.92667551,3,0.00652067,0.61053773,0.02699010
logarithmic,0.60000000,0.20000000,-9.00000000,2,50,50,7892.90545391,3,0.00633480,0.59335161,0.02606618
logarithmic,0.60000000,0.20000000,-9.00000000,3,51,51,7556.46569954,9,0.00661685,0.63311465,0.02710010
logarithmic,0.60000000,0.20000000,-9.00000000,4,52,52,6876.67815305,6,0.00727095,0.72444098,0.03094886
logarithmic,0.60000000,0.20000000,-9.00000000,5,53,53,7444.03551223,3,0.00671679,0.62792762,0.02765815
logarithmic,0.60000000,0.20000000,-9.00000000,6,54,54,7494.60579549,9,0.00667146,0.61430705,0.02655352
logarithmic,0.60000000,0.20000000,-9.00000000,7,55,55,7782.79672705,9,0.00642443,0.64229512,0.02738893
logarithmic,0.60000000,0.20000000,-9.00000000,8,56,56,8289.75287447,3,0.00603154,0.56053388,0.02437362
logarithmic,0.60000000,0.20000000,-9.00000000,9,57,57,7697.70711283,0,0.00649544,0.60818052,0.02688697
logarithmic,0.60000000,0.20000000,-3.00000000,0,48,48,6954.85093229,3,0.00718923,0.75997863,0.03218519
logarithmic,0.60000000,0.20000000,-3.00000000,1,49,49,7643.00665301,6,0.00654193,0.64671140,0.02802979
logarithmic,0.60000000,0.20000000,-3.00000000,2,50,50,8054.43606092,3,0.00620776,0.61741155,0.02689641
logarithmic,0.60000000,0.20000000,-3.00000000,3,51,51,7556.46569954,3,0.00661685,0.66680189,0.02826267
logarithmic,0.60000000,0.20000000,-3.00000000,4,52,52,6879.59292316,3,0.00726787,0.72068603,0.03117451
logarithmic,0.60000000,0.20000000,-3.00000000,5,53,53,7461.53784746,3,0.00670103,0.66734351,0.02855729
logarithmic,0.60000000,0.20000000,-3.00000000,6,54,54,7494.60579549,6,0.00667146,0.64385842,0.02760377
logarithmic,0.60000000,0.20000000,-3.00000000,7,55,55,7888.93530849,6,0.00633799,0.69520033,0.02959124
logarithmic,0.60000000,0.20000000,-3.00000000,8,56,56,8232.25199510,6,0.00607367,0.59622028,0.02554871
logarithmic,0.60000000,0.20000000,-3.00000000,9,57,57,7743.22828692,9,0.00645726,0.68138953,0.02883672
logarithmic,0.60000000,0.20000000,-1.00000000,0,48,48,6967.09340962,9,0.00717659,0.74609696,0.03140274
logarithmic,0.60000000,0.20000000,-1.00000000,1,49,49,7637.38789790,9,0.00654674,0.66784939,0.02839353
logarithmic,0.60000000,0.20000000,-1.00000000,2,50,50,7917.37114653,6,0.00631523,0.67301791,0.02852542
logarithmic,0.60000000,0.20000000,-1.00000000,3,51,51,7556.46569954,6,0.00661685,0.69197495,0.02908149
logarithmic,0.60000000,0.20000000,-1.00000000,4,52,52,6966.28896567,6,0.00717742,0.74705584,0.03134721
logarithmic,0.60000000,0.20000000,-1.00000000,5,53,53,7514.75271059,6,0.00665358,0.69029265,0.02918441
logarithmic,0.60000000,0.20000000,-1.00000000,6,54,54,7512.07078818,6,0.00665595,0.68094802,0.02898430
logarithmic,0.60000000,0.20000000,-1.00000000,7,55,55,7966.20967215,6,0.00627651,0.64649938,0.02720759
logarithmic,0.60000000,0.20000000,-1.00000000,8,56,56,8267.91297080,6,0.00604748,0.65045020,0.02778165
logarithmic,0.60000000,0.20000000,-1.00000000,9,57,57,7771.10493478,6,0.00643409,0.66921774,0.02821595
logarithmic,0.60000000,0.20000000,1.00000000,0,48,48,6954.85093229,6,0.00718923,0.79989710,0.03324229
logarithmic,0.60000000,0.20000000,1.00000000,1,49,49,7611.05045656,6,0.00656940,0.71115921,0.02998963
logarithmic,0.60000000,0.20000000,1.00000000,2,50,50,7908.76976255,3,0.00632210,0.68738052,0.02917657
logarithmic,0.60000000,0.20000000,1.00000000,3,51,51,7556.46569954,9,0.00661685,0.75876395,0.03192975
logarithmic,0.60000000,0.20000000,1.00000000,4,52,52,6884.21952401,9,0.00726299,0.83151324,0.03500148
logarithmic,0.60000000,0.20000000,1.00000000,5,53,53,7436.14890783,0,0.00672391,0.73424011,0.03134375
logarithmic,0.60000000,0.20000000,1.00000000,6,54,54,7494.60579549,6,0.00667146,0.71837422,0.03009335
logarithmic,0.60000000,0.20000000,1.00000000,7,55,55,7782.79672705,9,0.00642443,0.72255637,0.03015195
logarithmic,0.60000000,0.20000000,1.00000000,8,56,56,8262.25592702,0,0.00605162,0.66106659,0.02823138
logarithmic,0.60000000,0.20000000,1.00000000,9,57,57,7716.48742498,3,0.00647963,0.70801814,0.03018253
logarithmic,0.60000000,0.20000000,3.00000000,0,48,48,6954.85093229,3,0.00718923,0.79953063,0.03403723
logarithmic,0.60000000,0.20000000,3.00000000,1,49,49,7637.38789790,0,0.00654674,0.72842085,0.03100601
logarithmic,0.60000000,0.20000000,3.00000000,2,50,50,7941.58053371,6,0.00629598,0.70150744,0.02947217
logarithmic,0.60000000,0.20000000,3.00000000,3,51,51,7556.46569954,9,0.00661685,0.76549345,0.03213941
logarithmic,0.60000000,0.20000000,3.00000000,4,52,52,6934.27628935,9,0.00721056,0.82626378,0.03473498
logarithmic,0.60000000,0.20000000,3.00000000,5,53,53,7521.14560496,0,0.00664792,0.73951672,0.03147967
logarithmic,0.60000000,0.20000000,3.00000000,6,54,54,7507.41944046,9,0.00666008,0.70958860,0.02970679
logarithmic,0.60000000,0.20000000,3.00000000,7,55,55,7787.24265640,3,0.00642076,0.70898108,0.02997710
logarithmic,0.60000000,0.20000000,3.00000000,8,56,56,8252.29742834,0,0.00605892,0.67126103,0.02857066
logarithmic,0.60000000,0.20000000,3.00000000,9,57,57,7693.90888113,3,0.00649865,0.72256396,0.03074871
logarithmic,0.60000000,0.20000000,9.00000000,0,48,48,6954.85093229,3,0.00718923,0.83158162,0.03471002
logarithmic,0.60000000,0.20000000,9.00000000,1,49,49,7616.66921167,3,0.00656455,0.74613555,0.03095341
logarithmic,0.60000000,0.20000000,9.00000000,2,50,50,7905.62458291,3,0.00632461,0.70653454,0.02948871
logarithmic,0.60000000,0.20000000,9.00000000,3,51,51,7556.46569954,6,0.00661685,0.75118618,0.03108331
logarithmic,0.60000000,0.20000000,9.00000000,4,52,52,6926.17394638,6,0.00721899,0.81283180,0.03367839
logarithmic,0.60000000,0.20000000,9.00000000,5,53,53,7521.14560496,3,0.00664792,0.74531664,0.03101199
logarithmic,0.60000000,0.20000000,9.00000000,6,54,54,7494.60579549,6,0.00667146,0.72818452,0.03052521
logarithmic,0.60000000,0.20000000,9.00000000,7,55,55,7782.79672705,3,0.00642443,0.72718430,0.03078427
logarithmic,0.60000000,0.20000000,9.00000000,8,56,56,8292.73295565,0,0.00602938,0.68235503,0.02894240
logarithmic,0.60000000,0.20000000,9.00000000,9,57,57,7693.90888113,3,0.00649865,0.73434612,0.03049830
