schedule,start_evaporation,end_evaporation,curve,runs,average_best_distance,best_distance,worst_distance,stddev_best_distance,average_blind_rounds,average_pheromone_min,average_pheromone_max,average_pheromone_mean
exponential,0.60000000,0.20000000,-2.00000000,10,7550.76155938,6855.78566400,8211.67068217,385.41129757,3.90000000,0.00663953,0.75604665,0.03166512
logarithmic,0.70000000,0.40000000,3.00000000,10,7554.28815408,6855.78566400,8231.71611541,391.43882807,3.90000000,0.00331847,0.39135186,0.01640378
exponential,0.80000000,0.20000000,-4.00000000,10,7555.77275211,6855.78566400,8261.07248638,394.00966942,3.60000000,0.00663582,0.77620685,0.03233197
exponential,0.70000000,0.40000000,-2.00000000,10,7559.68486157,6855.78566400,8231.71611541,390.61572446,4.80000000,0.00331607,0.39289088,0.01642007
logarithmic,0.70000000,0.40000000,1.00000000,10,7559.75081541,6926.17394638,8231.71611541,378.23001322,4.20000000,0.00331541,0.39073036,0.01636789
logarithmic,0.70000000,0.40000000,-1.00000000,10,7560.47015023,6832.91087139,8262.25592702,399.98835402,5.10000000,0.00331615,0.38339393,0.01600996
exponential,0.90000000,0.20000000,1.00000000,10,7560.75319186,6855.78566400,8211.67068217,393.29847406,4.80000000,0.00663146,0.64237757,0.02776475
logarithmic,0.60000000,0.20000000,1.00000000,10,7560.76511573,6884.21952401,8262.25592702,391.66865554,5.10000000,0.00663116,0.73329694,0.03093427
linear,0.70000000,0.30000000,1.00000000,10,7562.34878734,6926.17394638,8231.71611541,378.38041474,3.90000000,0.00441904,0.49970197,0.02104407
exponential,0.80000000,0.30000000,-4.00000000,10,7562.48424769,6917.88658123,8232.25199510,380.35509405,4.80000000,0.00441909,0.52059027,0.02165618
logarithmic,0.70000000,0.40000000,9.00000000,10,7563.64243107,6864.81336599,8211.67068217,388.54081226,5.10000000,0.00331425,0.39020207,0.01631878
logarithmic,0.60000000,0.20000000,-9.00000000,10,7565.77249364,6876.67815305,8289.75287447,396.75592955,5.10000000,0.00662722,0.63023326,0.02733846
logarithmic,0.70000000,0.30000000,-3.00000000,10,7566.23855785,6832.91087139,8369.66057895,420.92166415,5.10000000,0.00441934,0.48183699,0.02029890
exponential,0.60000000,0.20000000,2.00000000,10,7567.07330821,6855.78566400,8289.75287447,397.36427760,4.20000000,0.00662619,0.66027024,0.02834885
exponential,0.80000000,0.30000000,4.00000000,10,7567.11651904,6866.31642090,8232.25199510,390.87003771,5.10000000,0.00441709,0.45823749,0.01971714
logarithmic,0.70000000,0.40000000,-9.00000000,10,7567.46479020,6832.91087139,8262.25592702,403.21057681,6.00000000,0.00331324,0.37415075,0.01579812
logarithmic,0.90000000,0.20000000,-3.00000000,10,7567.79457466,6855.78566400,8232.25199510,400.67651089,5.40000000,0.00662593,0.60851395,0.02652114
exponential,0.70000000,0.40000000,2.00000000,10,7568.33106437,6832.91087139,8311.09022511,414.09081795,5.40000000,0.00331332,0.37841418,0.01591152
exponential,0.80000000,0.20000000,4.00000000,10,7568.36833666,6828.41388985,8232.25199510,400.40263219,4.80000000,0.00662551,0.58327803,0.02596721
exponential,0.80000000,0.30000000,1.00000000,10,7569.35939654,6832.91087139,8245.50535146,399.41812131,4.80000000,0.00441633,0.48160978,0.02048300
exponential,0.70000000,0.30000000,1.00000000,10,7569.95949494,6844.41776529,8395.36305597,423.89011194,4.80000000,0.00441730,0.49155914,0.02062710
linear,0.60000000,0.20000000,1.00000000,10,7571.06548016,6832.91087139,8211.67068217,396.14908827,5.40000000,0.00662277,0.71275875,0.03014664
exponential,0.90000000,0.20000000,-4.00000000,10,7571.65463666,6855.78566400,8268.14719954,402.87712652,6.00000000,0.00662268,0.76626655,0.03176505
logarithmic,0.80000000,0.30000000,3.00000000,10,7574.16298599,6832.91087139,8262.25592702,412.93377906,4.80000000,0.00441434,0.50585436,0.02112715
logarithmic,0.60000000,0.20000000,9.00000000,10,7574.49743371,6926.17394638,8292.73295565,387.13989306,3.60000000,0.00661861,0.74656563,0.03116760
exponential,0.70000000,0.30000000,4.00000000,10,7577.40137997,6832.91087139,8211.67068217,418.68273747,5.40000000,0.00441280,0.45895614,0.01971917
logarithmic,0.70000000,0.30000000,3.00000000,10,7577.40832199,6954.85093229,8260.95552056,379.91435144,2.70000000,0.00441027,0.50851168,0.02127555
exponential,0.70000000,0.30000000,2.00000000,10,7578.04184391,6832.91087139,8369.66057895,423.74995181,5.40000000,0.00441265,0.47841689,0.02027556
exponential,0.60000000,0.20000000,-1.00000000,10,7578.65165875,6829.74792001,8278.46330961,411.14146674,5.10000000,0.00661742,0.73857885,0.03112451
logarithmic,0.60000000,0.20000000,3.00000000,10,7578.65753641,6934.27628935,8252.29742834,381.96603556,4.20000000,0.00661457,0.73731275,0.03118727
exponential,0.70000000,0.40000000,-4.00000000,10,7578.99875807,6866.31642090,8211.67068217,392.91259400,5.70000000,0.00330773,0.39248340,0.01636138
logarithmic,0.90000000,0.20000000,-9.00000000,10,7579.15864481,6855.78566400,8367.85916219,422.79273647,5.10000000,0.00661784,0.57904981,0.02580926
exponential,0.80000000,0.30000000,2.00000000,10,7579.96891877,6881.90333199,8211.67068217,406.21425056,4.80000000,0.00441045,0.47195341,0.02003864
exponential,0.60000000,0.20000000,4.00000000,10,7580.09889327,6832.91087139,8280.01477268,402.15755128,5.40000000,0.00661535,0.61879000,0.02684030
exponential,0.70000000,0.40000000,1.00000000,10,7580.25414623,6832.91087139,8262.25592702,401.57205220,5.10000000,0.00330759,0.38184505,0.01596503
exponential,0.70000000,0.30000000,-1.00000000,10,7580.89118305,6855.78566400,8211.67068217,395.84743928,5.10000000,0.00440939,0.51066468,0.02135867
linear,0.70000000,0.40000000,1.00000000,10,7581.77435605,6850.01654737,8372.75171246,428.78774638,4.80000000,0.00330806,0.38821484,0.01625229
logarithmic,0.90000000,0.20000000,9.00000000,10,7582.14842076,6917.71335385,8347.27784926,406.54343467,4.80000000,0.00661359,0.73399128,0.03092171
logarithmic,0.70000000,0.30000000,-1.00000000,10,7583.01357293,6844.41776529,8333.89222190,421.30210662,5.40000000,0.00440962,0.49254836,0.02071909
logarithmic,0.70000000,0.30000000,9.00000000,10,7583.22508819,6914.29062409,8235.87277194,388.92204005,3.90000000,0.00440751,0.51365593,0.02146917
exponential,0.90000000,0.20000000,2.00000000,10,7583.80474939,6866.39410594,8346.58237904,426.55902390,4.20000000,0.00661410,0.60488631,0.02676313
exponential,0.70000000,0.30000000,-2.00000000,10,7584.21513056,6915.62465425,8379.93170858,407.27699678,5.40000000,0.00440787,0.51287979,0.02128210
exponential,0.60000000,0.20000000,1.00000000,10,7584.62611335,6954.85093229,8231.71611541,389.36588412,5.40000000,0.00660993,0.68651048,0.02924892
exponential,0.80000000,0.20000000,1.00000000,10,7585.29047155,6832.91087139,8262.25592702,407.05495168,4.50000000,0.00661129,0.64961726,0.02808112
logarithmic,0.70000000,0.40000000,-3.00000000,10,7586.44786323,6832.91087139,8354.45784538,417.95289122,5.40000000,0.00330557,0.37962637,0.01591606
logarithmic,0.90000000,0.20000000,3.00000000,10,7587.48273976,6855.78566400,8262.25592702,413.10198650,5.40000000,0.00660980,0.71228201,0.03004617
logarithmic,0.80000000,0.20000000,9.00000000,10,7588.84617915,6898.15779441,8347.27784926,411.32102363,5.10000000,0.00660826,0.73246315,0.03067256
logarithmic,0.70000000,0.30000000,-9.00000000,10,7589.09062977,6832.91087139,8369.66057895,419.75966938,4.80000000,0.00440599,0.46219967,0.01967065
logarithmic,0.80000000,0.20000000,1.00000000,10,7589.11120840,6884.95897719,8262.25592702,403.83034106,5.40000000,0.00660748,0.70498392,0.02989919
logarithmic,0.80000000,0.30000000,9.00000000,10,7589.13099842,6866.31642090,8252.29742834,398.12252839,4.80000000,0.00440472,0.51212490,0.02142033
exponential,0.70000000,0.40000000,-1.00000000,10,7589.16883937,6926.17394638,8379.93170858,414.87968952,4.50000000,0.00330408,0.38616186,0.01613474
logarithmic,0.80000000,0.30000000,-9.00000000,10,7589.28743763,6881.90333199,8211.67068217,401.51972184,4.50000000,0.00440477,0.45632581,0.01955834
linear,0.90000000,0.20000000,1.00000000,10,7589.31668519,6829.74792001,8262.25592702,430.20107222,4.20000000,0.00660987,0.67236786,0.02879879
exponential,0.90000000,0.20000000,-2.00000000,10,7589.71827159,6828.41388985,8231.71611541,423.77100181,4.80000000,0.00660898,0.73593896,0.03097157
logarithmic,0.60000000,0.20000000,-3.00000000,10,7590.89115024,6879.59292316,8232.25199510,409.71345493,4.80000000,0.00660651,0.66956016,0.02866863
logarithmic,0.90000000,0.20000000,1.00000000,10,7591.51422593,6832.91087139,8231.71611541,424.81499511,3.90000000,0.00660748,0.69079651,0.02946537
exponential,0.80000000,0.30000000,-1.00000000,10,7592.42868084,6954.85093229,8211.67068217,381.05391699,5.70000000,0.00440151,0.50337899,0.02101113
logarithmic,0.80000000,0.20000000,3.00000000,10,7592.51541620,6832.91087139,8303.16154968,430.33728557,5.10000000,0.00660705,0.72105609,0.03043992
linear,0.80000000,0.20000000,1.00000000,10,7593.70956246,6915.62465425,8262.25592702,408.50319287,5.70000000,0.00660377,0.67895552,0.02893576
logarithmic,0.80000000,0.30000000,-1.00000000,10,7593.73399428,6832.91087139,8378.40875624,429.41101648,4.50000000,0.00440389,0.49132658,0.02081157
exponential,0.80000000,0.20000000,-2.00000000,10,7595.77325945,6832.91087139,8292.73295565,432.55489473,5.10000000,0.00660444,0.74524933,0.03125581
exponential,0.90000000,0.20000000,-1.00000000,10,7595.80719909,6917.71335385,8358.95015424,426.76962918,5.40000000,0.00660349,0.71619593,0.03028580
logarithmic,0.90000000,0.20000000,-1.00000000,10,7596.08076633,6855.78566400,8211.67068217,406.55998771,4.50000000,0.00660181,0.65420611,0.02828578
logarithmic,0.80000000,0.20000000,-3.00000000,10,7597.34417394,6832.91087139,8262.25592702,425.18159639,4.80000000,0.00660242,0.63561855,0.02763414
exponential,0.70000000,0.40000000,4.00000000,10,7598.01778666,6832.91087139,8263.90097069,439.47803982,6.60000000,0.00330158,0.36875600,0.01556423
exponential,0.80000000,0.20000000,2.00000000,10,7599.96467817,6881.90333199,8211.67068217,408.99650529,4.80000000,0.00659855,0.62594330,0.02727117
exponential,0.80000000,0.30000000,-2.00000000,10,7601.06342941,6832.91087139,8260.95552056,429.03044138,3.60000000,0.00439971,0.51038521,0.02132013
exponential,0.90000000,0.20000000,4.00000000,10,7602.74764825,6855.78566400,8347.27784926,433.13448919,5.10000000,0.00659830,0.58966362,0.02626459
linear,0.80000000,0.30000000,1.00000000,10,7603.05836887,6864.81336599,8262.25592702,419.50892226,4.50000000,0.00439788,0.49714999,0.02093603
exponential,0.60000000,0.20000000,-4.00000000,10,7604.37638997,6884.21952401,8292.73295565,426.83904012,3.30000000,0.00659628,0.77540962,0.03222286
logarithmic,0.80000000,0.20000000,-9.00000000,10,7604.89238954,6881.90333199,8287.95840404,422.73613654,4.80000000,0.00659544,0.57777622,0.02558368
logarithmic,0.60000000,0.20000000,-1.00000000,10,7607.66581958,6966.28896567,8267.91297080,391.16276919,6.60000000,0.00659004,0.68634030,0.02901243
logarithmic,0.80000000,0.30000000,-3.00000000,10,7608.86909037,6881.90333199,8347.27784926,430.30499625,5.10000000,0.00439509,0.46889791,0.01989564
exponential,0.70000000,0.30000000,-4.00000000,10,7611.20803855,6954.85093229,8292.73295565,404.88131363,5.70000000,0.00439209,0.52149565,0.02163186
logarithmic,0.80000000,0.30000000,1.00000000,10,7614.16275794,6928.92143116,8262.25592702,413.30420239,5.70000000,0.00439098,0.49735238,0.02077828
logarithmic,0.70000000,0.30000000,1.00000000,10,7615.33301665,6912.56983860,8380.98003793,416.88374138,5.40000000,0.00439048,0.50157186,0.02099996
logarithmic,0.80000000,0.20000000,-1.00000000,10,7616.12238940,6864.81336599,8262.25592702,428.58648489,5.10000000,0.00658636,0.66144171,0.02849016
exponential,0.80000000,0.20000000,-1.00000000,10,7619.64762137,6832.91087139,8262.25592702,432.65627790,4.20000000,0.00658386,0.71098641,0.03009457
