parameter,value,seed_index,python_seed,city_seed,best_distance,blind_rounds
ant_parameter_variation,0.0000,0,43,47,14669.91469015,10
ant_parameter_variation,0.0000,1,44,48,15505.58780078,25
ant_parameter_variation,0.0000,2,45,49,15594.94097754,25
ant_parameter_variation,0.0000,3,46,50,16705.10125446,15
ant_parameter_variation,0.0000,4,47,51,16189.06948959,20
ant_parameter_variation,0.0000,5,48,52,15021.27589300,20
ant_parameter_variation,0.0000,6,49,53,15873.18396770,20
ant_parameter_variation,0.0000,7,50,54,15801.73605873,10
ant_parameter_variation,0.0000,8,51,55,16330.49862902,25
ant_parameter_variation,0.0000,9,52,56,15746.60528987,35
ant_parameter_variation,0.0000,10,53,57,15460.66668389,25
ant_parameter_variation,0.0000,11,54,58,15836.43522005,35
ant_parameter_variation,0.0000,12,55,59,15130.00966713,30
ant_parameter_variation,0.0000,13,56,60,15688.98260240,25
ant_parameter_variation,0.0000,14,57,61,15173.48112265,15
ant_parameter_variation,0.0000,15,58,62,15277.68814316,25
ant_parameter_variation,0.0000,16,59,63,15341.08841135,25
ant_parameter_variation,0.0000,17,60,64,15373.67207481,25
ant_parameter_variation,0.0000,18,61,65,15274.01921365,10
ant_parameter_variation,0.0000,19,62,66,15153.20766940,15
ant_parameter_variation,0.0500,0,43,47,14586.98794823,20
ant_parameter_variation,0.0500,1,44,48,15494.50833608,10
ant_parameter_variation,0.0500,2,45,49,15704.04161726,15
ant_parameter_variation,0.0500,3,46,50,16642.97655734,20
ant_parameter_variation,0.0500,4,47,51,16211.57577141,20
ant_parameter_variation,0.0500,5,48,52,14980.35943391,5
ant_parameter_variation,0.0500,6,49,53,15721.68936881,10
ant_parameter_variation,0.0500,7,50,54,15779.08016532,10
ant_parameter_variation,0.0500,8,51,55,16406.40275584,20
ant_parameter_variation,0.0500,9,52,56,15746.60528987,35
ant_parameter_variation,0.0500,10,53,57,15697.65572549,10
ant_parameter_variation,0.0500,11,54,58,15810.89165767,30
ant_parameter_variation,0.0500,12,55,59,15260.06906545,25
ant_parameter_variation,0.0500,13,56,60,15825.98060130,25
ant_parameter_variation,0.0500,14,57,61,15134.61558136,30
ant_parameter_variation,0.0500,15,58,62,15255.22405879,20
ant_parameter_variation,0.0500,16,59,63,15328.91639337,20
ant_parameter_variation,0.0500,17,60,64,15480.96125819,25
ant_parameter_variation,0.0500,18,61,65,15595.55672287,5
ant_parameter_variation,0.0500,19,62,66,15096.97102351,25
ant_parameter_variation,0.1000,0,43,47,14561.13362450,30
ant_parameter_variation,0.1000,1,44,48,15366.09087125,10
ant_parameter_variation,0.1000,2,45,49,15807.49198582,25
ant_parameter_variation,0.1000,3,46,50,16647.84189969,10
ant_parameter_variation,0.1000,4,47,51,16124.17915505,15
ant_parameter_variation,0.1000,5,48,52,14831.10255567,10
ant_parameter_variation,0.1000,6,49,53,15949.93711454,25
ant_parameter_variation,0.1000,7,50,54,15784.03969516,20
ant_parameter_variation,0.1000,8,51,55,16283.40169944,20
ant_parameter_variation,0.1000,9,52,56,15746.60528987,30
ant_parameter_variation,0.1000,10,53,57,15501.27674794,30
ant_parameter_variation,0.1000,11,54,58,15911.19465911,10
ant_parameter_variation,0.1000,12,55,59,15217.97444555,25
ant_parameter_variation,0.1000,13,56,60,15662.03719002,20
ant_parameter_variation,0.1000,14,57,61,15134.61269338,30
ant_parameter_variation,0.1000,15,58,62,15265.46700419,10
ant_parameter_variation,0.1000,16,59,63,15319.20127490,15
ant_parameter_variation,0.1000,17,60,64,15363.43944484,25
ant_parameter_variation,0.1000,18,61,65,15331.49117102,25
ant_parameter_variation,0.1000,19,62,66,15023.35550177,30
ant_parameter_variation,0.1500,0,43,47,14561.13362450,30
ant_parameter_variation,0.1500,1,44,48,15256.89904213,15
ant_parameter_variation,0.1500,2,45,49,15594.94097754,25
ant_parameter_variation,0.1500,3,46,50,16602.61547494,15
ant_parameter_variation,0.1500,4,47,51,16178.77843411,30
ant_parameter_variation,0.1500,5,48,52,14831.10255567,25
ant_parameter_variation,0.1500,6,49,53,15537.57702832,25
ant_parameter_variation,0.1500,7,50,54,16252.54884726,25
ant_parameter_variation,0.1500,8,51,55,16256.80649651,30
ant_parameter_variation,0.1500,9,52,56,15746.60528987,25
ant_parameter_variation,0.1500,10,53,57,15439.94667986,25
ant_parameter_variation,0.1500,11,54,58,15993.68533593,20
ant_parameter_variation,0.1500,12,55,59,15139.46122661,25
ant_parameter_variation,0.1500,13,56,60,15678.32843237,30
ant_parameter_variation,0.1500,14,57,61,15363.20873371,15
ant_parameter_variation,0.1500,15,58,62,15274.54948628,15
ant_parameter_variation,0.1500,16,59,63,15288.81520522,15
ant_parameter_variation,0.1500,17,60,64,15362.55645078,15
ant_parameter_variation,0.1500,18,61,65,15695.93445372,20
ant_parameter_variation,0.1500,19,62,66,15105.27301001,20
ant_parameter_variation,0.2000,0,43,47,14561.13362450,25
ant_parameter_variation,0.2000,1,44,48,15241.15594796,30
ant_parameter_variation,0.2000,2,45,49,15594.94097754,20
ant_parameter_variation,0.2000,3,46,50,16726.57761098,30
ant_parameter_variation,0.2000,4,47,51,16134.13419315,25
ant_parameter_variation,0.2000,5,48,52,14782.50700980,35
ant_parameter_variation,0.2000,6,49,53,15864.97730596,35
ant_parameter_variation,0.2000,7,50,54,15794.20423141,15
ant_parameter_variation,0.2000,8,51,55,16284.38856400,10
ant_parameter_variation,0.2000,9,52,56,15898.06973869,35
ant_parameter_variation,0.2000,10,53,57,15439.94667986,30
ant_parameter_variation,0.2000,11,54,58,15923.54743837,10
ant_parameter_variation,0.2000,12,55,59,15106.19787749,20
ant_parameter_variation,0.2000,13,56,60,15590.88420261,25
ant_parameter_variation,0.2000,14,57,61,15173.48112265,25
ant_parameter_variation,0.2000,15,58,62,15345.05920657,30
ant_parameter_variation,0.2000,16,59,63,15318.78668691,20
ant_parameter_variation,0.2000,17,60,64,15324.84854606,15
ant_parameter_variation,0.2000,18,61,65,15596.97726926,15
ant_parameter_variation,0.2000,19,62,66,15219.03669463,20
blind_stagnation_limit,5,0,43,47,14561.13362450,60
blind_stagnation_limit,5,1,44,48,15674.57381585,60
blind_stagnation_limit,5,2,45,49,15807.49198582,50
blind_stagnation_limit,5,3,46,50,16716.18327196,50
blind_stagnation_limit,5,4,47,51,16127.60410205,50
blind_stagnation_limit,5,5,48,52,14988.73387485,65
blind_stagnation_limit,5,6,49,53,15690.33055748,50
blind_stagnation_limit,5,7,50,54,15794.20423141,45
blind_stagnation_limit,5,8,51,55,16377.62006973,60
blind_stagnation_limit,5,9,52,56,15755.86426605,70
blind_stagnation_limit,5,10,53,57,15501.27674794,65
blind_stagnation_limit,5,11,54,58,15810.89165767,45
blind_stagnation_limit,5,12,55,59,15186.04290734,55
blind_stagnation_limit,5,13,56,60,15702.51684702,60
blind_stagnation_limit,5,14,57,61,15154.40910106,70
blind_stagnation_limit,5,15,58,62,15191.90587466,45
blind_stagnation_limit,5,16,59,63,15283.20999015,60
blind_stagnation_limit,5,17,60,64,15444.97469245,55
blind_stagnation_limit,5,18,61,65,15331.49117102,55
blind_stagnation_limit,5,19,62,66,15023.35550177,65
blind_stagnation_limit,10,0,43,47,14561.13362450,30
blind_stagnation_limit,10,1,44,48,15366.09087125,10
blind_stagnation_limit,10,2,45,49,15807.49198582,25
blind_stagnation_limit,10,3,46,50,16647.84189969,10
blind_stagnation_limit,10,4,47,51,16124.17915505,15
blind_stagnation_limit,10,5,48,52,14831.10255567,10
blind_stagnation_limit,10,6,49,53,15949.93711454,25
blind_stagnation_limit,10,7,50,54,15784.03969516,20
blind_stagnation_limit,10,8,51,55,16283.40169944,20
blind_stagnation_limit,10,9,52,56,15746.60528987,30
blind_stagnation_limit,10,10,53,57,15501.27674794,30
blind_stagnation_limit,10,11,54,58,15911.19465911,10
blind_stagnation_limit,10,12,55,59,15217.97444555,25
blind_stagnation_limit,10,13,56,60,15662.03719002,20
blind_stagnation_limit,10,14,57,61,15134.61269338,30
blind_stagnation_limit,10,15,58,62,15265.46700419,10
blind_stagnation_limit,10,16,59,63,15319.20127490,15
blind_stagnation_limit,10,17,60,64,15363.43944484,25
blind_stagnation_limit,10,18,61,65,15331.49117102,25
blind_stagnation_limit,10,19,62,66,15023.35550177,30
blind_stagnation_limit,15,0,43,47,14561.13362450,20
blind_stagnation_limit,15,1,44,48,15457.89960841,5
blind_stagnation_limit,15,2,45,49,15783.36110030,10
blind_stagnation_limit,15,3,46,50,16687.15961314,10
blind_stagnation_limit,15,4,47,51,16124.17915505,10
blind_stagnation_limit,15,5,48,52,14831.10255567,15
blind_stagnation_limit,15,6,49,53,15698.57919709,5
blind_stagnation_limit,15,7,50,54,16055.01484749,10
blind_stagnation_limit,15,8,51,55,16282.82740430,10
blind_stagnation_limit,15,9,52,56,15746.60528987,15
blind_stagnation_limit,15,10,53,57,15500.70861134,15
blind_stagnation_limit,15,11,54,58,15917.51654648,10
blind_stagnation_limit,15,12,55,59,15217.97444555,15
blind_stagnation_limit,15,13,56,60,15554.98666738,5
blind_stagnation_limit,15,14,57,61,15133.32578598,15
blind_stagnation_limit,15,15,58,62,15396.92693660,10
blind_stagnation_limit,15,16,59,63,15328.91639337,15
blind_stagnation_limit,15,17,60,64,15395.65170943,10
blind_stagnation_limit,15,18,61,65,15324.56317180,10
blind_stagnation_limit,15,19,62,66,15023.35550177,20
blind_stagnation_limit,20,0,43,47,14561.13362450,15
blind_stagnation_limit,20,1,44,48,15569.15429656,5
blind_stagnation_limit,20,2,45,49,15704.59801025,5
blind_stagnation_limit,20,3,46,50,16643.77347031,5
blind_stagnation_limit,20,4,47,51,16124.17915505,5
blind_stagnation_limit,20,5,48,52,14950.83352376,5
blind_stagnation_limit,20,6,49,53,15885.01539639,10
blind_stagnation_limit,20,7,50,54,15784.03969516,10
blind_stagnation_limit,20,8,51,55,16365.99218266,10
blind_stagnation_limit,20,9,52,56,15746.60528987,10
blind_stagnation_limit,20,10,53,57,15501.27674794,15
blind_stagnation_limit,20,11,54,58,15917.51654648,5
blind_stagnation_limit,20,12,55,59,15217.97444555,10
blind_stagnation_limit,20,13,56,60,15554.98666738,5
blind_stagnation_limit,20,14,57,61,15134.61269338,15
blind_stagnation_limit,20,15,58,62,15191.90587466,5
blind_stagnation_limit,20,16,59,63,15328.91639337,10
blind_stagnation_limit,20,17,60,64,15395.65170943,5
blind_stagnation_limit,20,18,61,65,15268.63693437,5
blind_stagnation_limit,20,19,62,66,15023.35550177,15
blind_stagnation_limit,30,0,43,47,14561.13362450,10
blind_stagnation_limit,30,1,44,48,15621.96593549,0
blind_stagnation_limit,30,2,45,49,15783.36110030,5
blind_stagnation_limit,30,3,46,50,16687.15961314,5
blind_stagnation_limit,30,4,47,51,16124.17915505,5
blind_stagnation_limit,30,5,48,52,14831.10255567,0
blind_stagnation_limit,30,6,49,53,15924.91863308,5
blind_stagnation_limit,30,7,50,54,16230.82976525,5
blind_stagnation_limit,30,8,51,55,16377.62006973,5
blind_stagnation_limit,30,9,52,56,15746.60528987,5
blind_stagnation_limit,30,10,53,57,15501.27674794,10
blind_stagnation_limit,30,11,54,58,15917.51654648,5
blind_stagnation_limit,30,12,55,59,15198.29413065,5
blind_stagnation_limit,30,13,56,60,15554.98666738,0
blind_stagnation_limit,30,14,57,61,15134.61269338,10
blind_stagnation_limit,30,15,58,62,15396.92693660,5
blind_stagnation_limit,30,16,59,63,15328.91639337,5
blind_stagnation_limit,30,17,60,64,15395.65170943,5
blind_stagnation_limit,30,18,61,65,15331.49117102,5
blind_stagnation_limit,30,19,62,66,15023.35550177,10
blind_iterations,1,0,43,47,14561.13362450,6
blind_iterations,1,1,44,48,15673.23664838,4
blind_iterations,1,2,45,49,15807.49198582,5
blind_iterations,1,3,46,50,16687.15961314,3
blind_iterations,1,4,47,51,16124.17915505,3
blind_iterations,1,5,48,52,14950.83352376,3
blind_iterations,1,6,49,53,15900.06589721,5
blind_iterations,1,7,50,54,15779.08016532,3
blind_iterations,1,8,51,55,16357.35775127,3
blind_iterations,1,9,52,56,15755.86426605,7
blind_iterations,1,10,53,57,15501.27674794,6
blind_iterations,1,11,54,58,15917.51654648,3
blind_iterations,1,12,55,59,15217.97444555,5
blind_iterations,1,13,56,60,15662.03719002,4
blind_iterations,1,14,57,61,15134.61269338,6
blind_iterations,1,15,58,62,15191.90587466,5
blind_iterations,1,16,59,63,15328.91639337,5
blind_iterations,1,17,60,64,15447.96206804,4
blind_iterations,1,18,61,65,15331.49117102,5
blind_iterations,1,19,62,66,15023.35550177,6
blind_iterations,3,0,43,47,14561.13362450,18
blind_iterations,3,1,44,48,15416.85982946,9
blind_iterations,3,2,45,49,15634.99560724,6
blind_iterations,3,3,46,50,16687.15961314,9
blind_iterations,3,4,47,51,16124.17915505,9
blind_iterations,3,5,48,52,14831.10255567,12
blind_iterations,3,6,49,53,15835.52020559,9
blind_iterations,3,7,50,54,15784.03969516,12
blind_iterations,3,8,51,55,16331.76315635,12
blind_iterations,3,9,52,56,15746.60528987,15
blind_iterations,3,10,53,57,15478.13432069,15
blind_iterations,3,11,54,58,15917.51654648,9
blind_iterations,3,12,55,59,15203.24271883,12
blind_iterations,3,13,56,60,15662.03719002,12
blind_iterations,3,14,57,61,15134.61269338,18
blind_iterations,3,15,58,62,15235.69883181,12
blind_iterations,3,16,59,63,15328.91639337,15
blind_iterations,3,17,60,64,15401.91143685,12
blind_iterations,3,18,61,65,15331.49117102,15
blind_iterations,3,19,62,66,15023.35550177,18
blind_iterations,5,0,43,47,14561.13362450,30
blind_iterations,5,1,44,48,15366.09087125,10
blind_iterations,5,2,45,49,15807.49198582,25
blind_iterations,5,3,46,50,16647.84189969,10
blind_iterations,5,4,47,51,16124.17915505,15
blind_iterations,5,5,48,52,14831.10255567,10
blind_iterations,5,6,49,53,15949.93711454,25
blind_iterations,5,7,50,54,15784.03969516,20
blind_iterations,5,8,51,55,16283.40169944,20
blind_iterations,5,9,52,56,15746.60528987,30
blind_iterations,5,10,53,57,15501.27674794,30
blind_iterations,5,11,54,58,15911.19465911,10
blind_iterations,5,12,55,59,15217.97444555,25
blind_iterations,5,13,56,60,15662.03719002,20
blind_iterations,5,14,57,61,15134.61269338,30
blind_iterations,5,15,58,62,15265.46700419,10
blind_iterations,5,16,59,63,15319.20127490,15
blind_iterations,5,17,60,64,15363.43944484,25
blind_iterations,5,18,61,65,15331.49117102,25
blind_iterations,5,19,62,66,15023.35550177,30
blind_iterations,8,0,43,47,14561.13362450,48
blind_iterations,8,1,44,48,15673.23664838,32
blind_iterations,8,2,45,49,15733.78001763,32
blind_iterations,8,3,46,50,16687.15961314,24
blind_iterations,8,4,47,51,16124.17915505,24
blind_iterations,8,5,48,52,14831.10255567,32
blind_iterations,8,6,49,53,15785.23240355,32
blind_iterations,8,7,50,54,15779.08016532,24
blind_iterations,8,8,51,55,16276.13098804,24
blind_iterations,8,9,52,56,15755.86426605,56
blind_iterations,8,10,53,57,15501.27674794,48
blind_iterations,8,11,54,58,15917.51654648,24
blind_iterations,8,12,55,59,15136.50535934,24
blind_iterations,8,13,56,60,15662.03719002,32
blind_iterations,8,14,57,61,15134.61269338,48
blind_iterations,8,15,58,62,15253.23239617,32
blind_iterations,8,16,59,63,15328.91639337,40
blind_iterations,8,17,60,64,15324.84854606,16
blind_iterations,8,18,61,65,15331.49117102,40
blind_iterations,8,19,62,66,15023.35550177,48
blind_iterations,10,0,43,47,14561.13362450,60
blind_iterations,10,1,44,48,15673.23664838,40
blind_iterations,10,2,45,49,15807.49198582,50
blind_iterations,10,3,46,50,16687.15961314,30
blind_iterations,10,4,47,51,16124.17915505,30
blind_iterations,10,5,48,52,14831.10255567,40
blind_iterations,10,6,49,53,15719.60894538,50
blind_iterations,10,7,50,54,15984.45115294,20
blind_iterations,10,8,51,55,16222.35778100,40
blind_iterations,10,9,52,56,15755.86426605,70
blind_iterations,10,10,53,57,15501.27674794,60
blind_iterations,10,11,54,58,15917.51654648,30
blind_iterations,10,12,55,59,15162.04443071,40
blind_iterations,10,13,56,60,15662.03719002,40
blind_iterations,10,14,57,61,15134.61269338,60
blind_iterations,10,15,58,62,15315.62693214,40
blind_iterations,10,16,59,63,15289.10946674,40
blind_iterations,10,17,60,64,15509.30711136,60
blind_iterations,10,18,61,65,15331.49117102,50
blind_iterations,10,19,62,66,15023.35550177,60
blind_blend_weight,0.0000,0,43,47,14561.13362450,0
blind_blend_weight,0.0000,1,44,48,15621.96593549,0
blind_blend_weight,0.0000,2,45,49,15783.36110030,0
blind_blend_weight,0.0000,3,46,50,16687.15961314,0
blind_blend_weight,0.0000,4,47,51,16124.17915505,0
blind_blend_weight,0.0000,5,48,52,14831.10255567,0
blind_blend_weight,0.0000,6,49,53,16028.47227476,0
blind_blend_weight,0.0000,7,50,54,16230.82976525,0
blind_blend_weight,0.0000,8,51,55,16411.84909604,0
blind_blend_weight,0.0000,9,52,56,15746.60528987,0
blind_blend_weight,0.0000,10,53,57,15501.27674794,0
blind_blend_weight,0.0000,11,54,58,15917.51654648,0
blind_blend_weight,0.0000,12,55,59,15217.97444555,0
blind_blend_weight,0.0000,13,56,60,15554.98666738,0
blind_blend_weight,0.0000,14,57,61,15133.32578598,0
blind_blend_weight,0.0000,15,58,62,15396.92693660,0
blind_blend_weight,0.0000,16,59,63,15328.91639337,0
blind_blend_weight,0.0000,17,60,64,15395.65170943,0
blind_blend_weight,0.0000,18,61,65,15331.31669952,0
blind_blend_weight,0.0000,19,62,66,15023.35550177,0
blind_blend_weight,0.2500,0,43,47,14561.13362450,30
blind_blend_weight,0.2500,1,44,48,15673.23664838,20
blind_blend_weight,0.2500,2,45,49,15777.06386195,15
blind_blend_weight,0.2500,3,46,50,16642.97655734,10
blind_blend_weight,0.2500,4,47,51,16124.17915505,15
blind_blend_weight,0.2500,5,48,52,14950.83352376,15
blind_blend_weight,0.2500,6,49,53,16028.47227476,35
blind_blend_weight,0.2500,7,50,54,16230.82976525,30
blind_blend_weight,0.2500,8,51,55,16222.35778100,15
blind_blend_weight,0.2500,9,52,56,15755.86426605,35
blind_blend_weight,0.2500,10,53,57,15501.27674794,30
blind_blend_weight,0.2500,11,54,58,15917.51654648,15
blind_blend_weight,0.2500,12,55,59,15212.52822127,20
blind_blend_weight,0.2500,13,56,60,15566.61630920,15
blind_blend_weight,0.2500,14,57,61,15134.61269338,30
blind_blend_weight,0.2500,15,58,62,15203.99657886,15
blind_blend_weight,0.2500,16,59,63,15328.91639337,25
blind_blend_weight,0.2500,17,60,64,15395.65170943,20
blind_blend_weight,0.2500,18,61,65,15331.31669952,20
blind_blend_weight,0.2500,19,62,66,15023.35550177,30
blind_blend_weight,0.5000,0,43,47,14561.13362450,30
blind_blend_weight,0.5000,1,44,48,15366.09087125,10
blind_blend_weight,0.5000,2,45,49,15807.49198582,25
blind_blend_weight,0.5000,3,46,50,16647.84189969,10
blind_blend_weight,0.5000,4,47,51,16124.17915505,15
blind_blend_weight,0.5000,5,48,52,14831.10255567,10
blind_blend_weight,0.5000,6,49,53,15949.93711454,25
blind_blend_weight,0.5000,7,50,54,15784.03969516,20
blind_blend_weight,0.5000,8,51,55,16283.40169944,20
blind_blend_weight,0.5000,9,52,56,15746.60528987,30
blind_blend_weight,0.5000,10,53,57,15501.27674794,30
blind_blend_weight,0.5000,11,54,58,15911.19465911,10
blind_blend_weight,0.5000,12,55,59,15217.97444555,25
blind_blend_weight,0.5000,13,56,60,15662.03719002,20
blind_blend_weight,0.5000,14,57,61,15134.61269338,30
blind_blend_weight,0.5000,15,58,62,15265.46700419,10
blind_blend_weight,0.5000,16,59,63,15319.20127490,15
blind_blend_weight,0.5000,17,60,64,15363.43944484,25
blind_blend_weight,0.5000,18,61,65,15331.49117102,25
blind_blend_weight,0.5000,19,62,66,15023.35550177,30
blind_blend_weight,0.7500,0,43,47,14561.13362450,30
blind_blend_weight,0.7500,1,44,48,15443.27880999,15
blind_blend_weight,0.7500,2,45,49,15807.49198582,25
blind_blend_weight,0.7500,3,46,50,16687.15961314,15
blind_blend_weight,0.7500,4,47,51,16124.17915505,15
blind_blend_weight,0.7500,5,48,52,14970.49591107,25
blind_blend_weight,0.7500,6,49,53,15785.23240355,20
blind_blend_weight,0.7500,7,50,54,15779.08016532,25
blind_blend_weight,0.7500,8,51,55,16276.13098804,15
blind_blend_weight,0.7500,9,52,56,15755.86426605,35
blind_blend_weight,0.7500,10,53,57,15501.27674794,30
blind_blend_weight,0.7500,11,54,58,15917.51654648,15
blind_blend_weight,0.7500,12,55,59,15217.97444555,25
blind_blend_weight,0.7500,13,56,60,15662.03719002,20
blind_blend_weight,0.7500,14,57,61,15134.61269338,30
blind_blend_weight,0.7500,15,58,62,15175.41385016,15
blind_blend_weight,0.7500,16,59,63,15328.91639337,25
blind_blend_weight,0.7500,17,60,64,15374.51172609,20
blind_blend_weight,0.7500,18,61,65,15331.49117102,25
blind_blend_weight,0.7500,19,62,66,15023.35550177,30
blind_blend_weight,1.0000,0,43,47,14561.13362450,30
blind_blend_weight,1.0000,1,44,48,15673.23664838,20
blind_blend_weight,1.0000,2,45,49,15807.49198582,25
blind_blend_weight,1.0000,3,46,50,16687.15961314,15
blind_blend_weight,1.0000,4,47,51,16124.17915505,15
blind_blend_weight,1.0000,5,48,52,14970.49591107,25
blind_blend_weight,1.0000,6,49,53,16028.47227476,35
blind_blend_weight,1.0000,7,50,54,15883.47993050,20
blind_blend_weight,1.0000,8,51,55,16325.18398542,15
blind_blend_weight,1.0000,9,52,56,15755.86426605,35
blind_blend_weight,1.0000,10,53,57,15501.27674794,30
blind_blend_weight,1.0000,11,54,58,15917.51654648,15
blind_blend_weight,1.0000,12,55,59,15217.97444555,25
blind_blend_weight,1.0000,13,56,60,15662.03719002,20
blind_blend_weight,1.0000,14,57,61,15134.61269338,30
blind_blend_weight,1.0000,15,58,62,15141.42594151,20
blind_blend_weight,1.0000,16,59,63,15328.91639337,25
blind_blend_weight,1.0000,17,60,64,15648.42925596,35
blind_blend_weight,1.0000,18,61,65,15331.49117102,25
blind_blend_weight,1.0000,19,62,66,15023.35550177,30
base_pheromone,0.5000,0,43,47,14561.13362450,20
base_pheromone,0.5000,1,44,48,15242.49311543,15
base_pheromone,0.5000,2,45,49,15716.86118017,35
base_pheromone,0.5000,3,46,50,16645.40046415,15
base_pheromone,0.5000,4,47,51,16115.39537911,20
base_pheromone,0.5000,5,48,52,14828.49546656,20
base_pheromone,0.5000,6,49,53,15949.52805526,15
base_pheromone,0.5000,7,50,54,15784.03969516,25
base_pheromone,0.5000,8,51,55,16284.38856400,20
base_pheromone,0.5000,9,52,56,15849.44381579,20
base_pheromone,0.5000,10,53,57,15622.08762736,30
base_pheromone,0.5000,11,54,58,15874.95707833,25
base_pheromone,0.5000,12,55,59,15173.64919876,25
base_pheromone,0.5000,13,56,60,15601.61448732,10
base_pheromone,0.5000,14,57,61,15150.89587358,20
base_pheromone,0.5000,15,58,62,15488.01254267,30
base_pheromone,0.5000,16,59,63,15480.47971233,10
base_pheromone,0.5000,17,60,64,15571.78940586,15
base_pheromone,0.5000,18,61,65,15411.71817317,15
base_pheromone,0.5000,19,62,66,15105.27301001,20
base_pheromone,1.0000,0,43,47,14561.13362450,30
base_pheromone,1.0000,1,44,48,15366.09087125,10
base_pheromone,1.0000,2,45,49,15807.49198582,25
base_pheromone,1.0000,3,46,50,16647.84189969,10
base_pheromone,1.0000,4,47,51,16124.17915505,15
base_pheromone,1.0000,5,48,52,14831.10255567,10
base_pheromone,1.0000,6,49,53,15949.93711454,25
base_pheromone,1.0000,7,50,54,15784.03969516,20
base_pheromone,1.0000,8,51,55,16283.40169944,20
base_pheromone,1.0000,9,52,56,15746.60528987,30
base_pheromone,1.0000,10,53,57,15501.27674794,30
base_pheromone,1.0000,11,54,58,15911.19465911,10
base_pheromone,1.0000,12,55,59,15217.97444555,25
base_pheromone,1.0000,13,56,60,15662.03719002,20
base_pheromone,1.0000,14,57,61,15134.61269338,30
base_pheromone,1.0000,15,58,62,15265.46700419,10
base_pheromone,1.0000,16,59,63,15319.20127490,15
base_pheromone,1.0000,17,60,64,15363.43944484,25
base_pheromone,1.0000,18,61,65,15331.49117102,25
base_pheromone,1.0000,19,62,66,15023.35550177,30
base_pheromone,1.5000,0,43,47,14946.35541260,10
base_pheromone,1.5000,1,44,48,15366.09087125,10
base_pheromone,1.5000,2,45,49,15742.02522262,10
base_pheromone,1.5000,3,46,50,16603.64085051,25
base_pheromone,1.5000,4,47,51,16340.46057177,25
base_pheromone,1.5000,5,48,52,14831.10255567,10
base_pheromone,1.5000,6,49,53,15598.79620426,15
base_pheromone,1.5000,7,50,54,15779.08016532,20
base_pheromone,1.5000,8,51,55,16306.23714048,15
base_pheromone,1.5000,9,52,56,15746.60528987,30
base_pheromone,1.5000,10,53,57,15564.06548631,10
base_pheromone,1.5000,11,54,58,15933.56278458,25
base_pheromone,1.5000,12,55,59,15217.97444555,25
base_pheromone,1.5000,13,56,60,15662.03719002,20
base_pheromone,1.5000,14,57,61,15149.66562809,10
base_pheromone,1.5000,15,58,62,15265.46700419,10
base_pheromone,1.5000,16,59,63,15283.20999015,15
base_pheromone,1.5000,17,60,64,15348.05997208,20
base_pheromone,1.5000,18,61,65,15261.88340665,35
base_pheromone,1.5000,19,62,66,15147.30334703,10
base_pheromone,2.0000,0,43,47,14561.13362450,25
base_pheromone,2.0000,1,44,48,15252.86120860,30
base_pheromone,2.0000,2,45,49,15653.00046830,30
base_pheromone,2.0000,3,46,50,16709.43062929,30
base_pheromone,2.0000,4,47,51,16099.00255211,30
base_pheromone,2.0000,5,48,52,14831.10255567,10
base_pheromone,2.0000,6,49,53,15757.88965747,10
base_pheromone,2.0000,7,50,54,15784.03969516,20
base_pheromone,2.0000,8,51,55,16249.34122081,15
base_pheromone,2.0000,9,52,56,15746.60528987,30
base_pheromone,2.0000,10,53,57,15501.27674794,20
base_pheromone,2.0000,11,54,58,15892.01103525,20
base_pheromone,2.0000,12,55,59,15217.97444555,25
base_pheromone,2.0000,13,56,60,15683.41020619,20
base_pheromone,2.0000,14,57,61,15183.65180485,35
base_pheromone,2.0000,15,58,62,15081.75011423,5
base_pheromone,2.0000,16,59,63,15306.78516192,25
base_pheromone,2.0000,17,60,64,15400.38239583,25
base_pheromone,2.0000,18,61,65,15349.81935984,30
base_pheromone,2.0000,19,62,66,15070.44927765,25
base_pheromone,3.0000,0,43,47,14586.98794823,20
base_pheromone,3.0000,1,44,48,15559.47988831,35
base_pheromone,3.0000,2,45,49,15653.00046830,15
base_pheromone,3.0000,3,46,50,16651.98649652,30
base_pheromone,3.0000,4,47,51,16340.46057177,25
base_pheromone,3.0000,5,48,52,14782.50700980,30
base_pheromone,3.0000,6,49,53,15922.15131805,35
base_pheromone,3.0000,7,50,54,15801.73605873,10
base_pheromone,3.0000,8,51,55,16267.87071675,30
base_pheromone,3.0000,9,52,56,15746.60528987,25
base_pheromone,3.0000,10,53,57,15501.27674794,10
base_pheromone,3.0000,11,54,58,15801.41400283,30
base_pheromone,3.0000,12,55,59,15131.19268212,20
base_pheromone,3.0000,13,56,60,15566.88971112,25
base_pheromone,3.0000,14,57,61,15149.66562809,10
base_pheromone,3.0000,15,58,62,15265.46700419,10
base_pheromone,3.0000,16,59,63,15288.81520522,35
base_pheromone,3.0000,17,60,64,15324.84854606,10
base_pheromone,3.0000,18,61,65,15696.04581992,30
base_pheromone,3.0000,19,62,66,15096.97102351,20
nearest_neighbor_pheromone,1.0000,0,43,47,14561.13362450,25
nearest_neighbor_pheromone,1.0000,1,44,48,15356.44122777,25
nearest_neighbor_pheromone,1.0000,2,45,49,15752.62345462,25
nearest_neighbor_pheromone,1.0000,3,46,50,16945.82646938,30
nearest_neighbor_pheromone,1.0000,4,47,51,16141.98932540,30
nearest_neighbor_pheromone,1.0000,5,48,52,14831.10255567,10
nearest_neighbor_pheromone,1.0000,6,49,53,15791.12595397,30
nearest_neighbor_pheromone,1.0000,7,50,54,15784.03969516,20
nearest_neighbor_pheromone,1.0000,8,51,55,16240.97571233,20
nearest_neighbor_pheromone,1.0000,9,52,56,15849.44381579,25
nearest_neighbor_pheromone,1.0000,10,53,57,15439.94667986,25
nearest_neighbor_pheromone,1.0000,11,54,58,15892.01103525,20
nearest_neighbor_pheromone,1.0000,12,55,59,15136.50535934,25
nearest_neighbor_pheromone,1.0000,13,56,60,15686.67975495,35
nearest_neighbor_pheromone,1.0000,14,57,61,15137.95779533,20
nearest_neighbor_pheromone,1.0000,15,58,62,15088.77025861,25
nearest_neighbor_pheromone,1.0000,16,59,63,15319.20127490,25
nearest_neighbor_pheromone,1.0000,17,60,64,15348.05997208,15
nearest_neighbor_pheromone,1.0000,18,61,65,15393.73001707,25
nearest_neighbor_pheromone,1.0000,19,62,66,15096.97102351,30
nearest_neighbor_pheromone,1.1000,0,43,47,14561.13362450,30
nearest_neighbor_pheromone,1.1000,1,44,48,15366.09087125,10
nearest_neighbor_pheromone,1.1000,2,45,49,15807.49198582,25
nearest_neighbor_pheromone,1.1000,3,46,50,16647.84189969,10
nearest_neighbor_pheromone,1.1000,4,47,51,16124.17915505,15
nearest_neighbor_pheromone,1.1000,5,48,52,14831.10255567,10
nearest_neighbor_pheromone,1.1000,6,49,53,15949.93711454,25
nearest_neighbor_pheromone,1.1000,7,50,54,15784.03969516,20
nearest_neighbor_pheromone,1.1000,8,51,55,16283.40169944,20
nearest_neighbor_pheromone,1.1000,9,52,56,15746.60528987,30
nearest_neighbor_pheromone,1.1000,10,53,57,15501.27674794,30
nearest_neighbor_pheromone,1.1000,11,54,58,15911.19465911,10
nearest_neighbor_pheromone,1.1000,12,55,59,15217.97444555,25
nearest_neighbor_pheromone,1.1000,13,56,60,15662.03719002,20
nearest_neighbor_pheromone,1.1000,14,57,61,15134.61269338,30
nearest_neighbor_pheromone,1.1000,15,58,62,15265.46700419,10
nearest_neighbor_pheromone,1.1000,16,59,63,15319.20127490,15
nearest_neighbor_pheromone,1.1000,17,60,64,15363.43944484,25
nearest_neighbor_pheromone,1.1000,18,61,65,15331.49117102,25
nearest_neighbor_pheromone,1.1000,19,62,66,15023.35550177,30
nearest_neighbor_pheromone,1.2500,0,43,47,14571.18063135,30
nearest_neighbor_pheromone,1.2500,1,44,48,15616.37194907,25
nearest_neighbor_pheromone,1.2500,2,45,49,15655.04263278,25
nearest_neighbor_pheromone,1.2500,3,46,50,16945.82646938,30
nearest_neighbor_pheromone,1.2500,4,47,51,16141.98932540,30
nearest_neighbor_pheromone,1.2500,5,48,52,14782.50700980,15
nearest_neighbor_pheromone,1.2500,6,49,53,15922.15131805,35
nearest_neighbor_pheromone,1.2500,7,50,54,15784.03969516,20
nearest_neighbor_pheromone,1.2500,8,51,55,16290.31246848,25
nearest_neighbor_pheromone,1.2500,9,52,56,15746.60528987,30
nearest_neighbor_pheromone,1.2500,10,53,57,15552.73763568,20
nearest_neighbor_pheromone,1.2500,11,54,58,15801.41400283,30
nearest_neighbor_pheromone,1.2500,12,55,59,15252.41654579,35
nearest_neighbor_pheromone,1.2500,13,56,60,15686.67975495,35
nearest_neighbor_pheromone,1.2500,14,57,61,15134.61558136,25
nearest_neighbor_pheromone,1.2500,15,58,62,15265.46700419,10
nearest_neighbor_pheromone,1.2500,16,59,63,15319.20127490,15
nearest_neighbor_pheromone,1.2500,17,60,64,15363.43944484,25
nearest_neighbor_pheromone,1.2500,18,61,65,15411.71817317,20
nearest_neighbor_pheromone,1.2500,19,62,66,15070.44927765,20
nearest_neighbor_pheromone,1.5000,0,43,47,14561.13362450,35
nearest_neighbor_pheromone,1.5000,1,44,48,15320.04011613,15
nearest_neighbor_pheromone,1.5000,2,45,49,15695.09726248,20
nearest_neighbor_pheromone,1.5000,3,46,50,16649.07864244,25
nearest_neighbor_pheromone,1.5000,4,47,51,16184.62004858,35
nearest_neighbor_pheromone,1.5000,5,48,52,14831.10255567,10
nearest_neighbor_pheromone,1.5000,6,49,53,15598.79620426,15
nearest_neighbor_pheromone,1.5000,7,50,54,16261.35908113,25
nearest_neighbor_pheromone,1.5000,8,51,55,16249.34122081,20
nearest_neighbor_pheromone,1.5000,9,52,56,15746.60528987,30
nearest_neighbor_pheromone,1.5000,10,53,57,15518.74438474,25
nearest_neighbor_pheromone,1.5000,11,54,58,15784.13947484,15
nearest_neighbor_pheromone,1.5000,12,55,59,15178.30089225,15
nearest_neighbor_pheromone,1.5000,13,56,60,15586.97592060,25
nearest_neighbor_pheromone,1.5000,14,57,61,15186.41920089,20
nearest_neighbor_pheromone,1.5000,15,58,62,15114.18876126,15
nearest_neighbor_pheromone,1.5000,16,59,63,15319.20127490,15
nearest_neighbor_pheromone,1.5000,17,60,64,15363.43944484,25
nearest_neighbor_pheromone,1.5000,18,61,65,15343.96978061,20
nearest_neighbor_pheromone,1.5000,19,62,66,15023.35550177,30
nearest_neighbor_pheromone,2.0000,0,43,47,14561.13362450,35
nearest_neighbor_pheromone,2.0000,1,44,48,15252.86120860,15
nearest_neighbor_pheromone,2.0000,2,45,49,15657.83217751,10
nearest_neighbor_pheromone,2.0000,3,46,50,16602.61547494,15
nearest_neighbor_pheromone,2.0000,4,47,51,16099.00255211,30
nearest_neighbor_pheromone,2.0000,5,48,52,14831.10255567,15
nearest_neighbor_pheromone,2.0000,6,49,53,15757.88965747,10
nearest_neighbor_pheromone,2.0000,7,50,54,15944.78786479,10
nearest_neighbor_pheromone,2.0000,8,51,55,16267.87071675,30
nearest_neighbor_pheromone,2.0000,9,52,56,15849.44381579,25
nearest_neighbor_pheromone,2.0000,10,53,57,15460.66668389,20
nearest_neighbor_pheromone,2.0000,11,54,58,15811.35615627,20
nearest_neighbor_pheromone,2.0000,12,55,59,15098.10521913,30
nearest_neighbor_pheromone,2.0000,13,56,60,15614.71727994,10
nearest_neighbor_pheromone,2.0000,14,57,61,15186.41920089,20
nearest_neighbor_pheromone,2.0000,15,58,62,15081.75011423,5
nearest_neighbor_pheromone,2.0000,16,59,63,15290.29597932,15
nearest_neighbor_pheromone,2.0000,17,60,64,15363.43944484,35
nearest_neighbor_pheromone,2.0000,18,61,65,15343.96978061,30
nearest_neighbor_pheromone,2.0000,19,62,66,15202.17160007,30
